Workbook

Sheet Dashboard
B1: Laptop Market Dashboard · Technolife
B3: Top 100 listed laptops on technolife.com · prices in million Toman · all figures update with the filters below | Q3: Specs & value → | U3: Ratings & deals →
B4: FILTERS – pick a value from each dropdown (choose "All" to clear). Every chart and number on all three pages responds.
B5: Brand | G5: CPU maker | L5: GPU type | Q5: Price tier | V5: RAM class
B6: All | G6: All | L6: All | Q6: All | V6: All
B8: LAPTOPS SELECTED | G8: MEDIAN PRICE (M TOMAN) | L8: AVG RATING (WEIGHTED) | Q8: LAPTOPS ON DISCOUNT | V8: DEDICATED-GPU SHARE
B9: =Analysis!$B$5 -> 99 | G9: =Analysis!$B$7 -> 215.5 | L9: =Analysis!$B$12 -> 4.1783486 | Q9: =Analysis!$B$13 -> 0.080808081 | V9: =Analysis!$B$17 -> 0.33333333
B11: ="of "&SUM(Clean!$AD$2:$AD$101)&" laptops ("&COUNTA(Clean!$A$2:$A$101)&" crawled)" -> of 99 laptops (100 crawled) | G11: ="middle 50%: "&TEXT(Analysis!$B$9,"#,##0")&" – "&TEXT(Analysis!$B$10,"#,##0")&" M" -> middle 50%: 156 – 297 M | L11: =TEXT(Analysis!$B$16,"#,##0")&" reviews in total" -> 1,090 reviews in total | Q11: =Analysis!$B$14&" laptops · avg discount "&TEXT(Analysis!$B$15,"0.0%") -> 8 laptops · avg discount 4.4% | V11: ="RTX / dedicated graphics" -> RTX / dedicated graphics
B13: Key takeaways for the current selection
B14: =IF(Analysis!$B$5=0,"No laptops match these filters.","Largest brand: "&Analysis!I23&" with "&Analysis!J23&" laptops ("&TEXT(Analysis!J23/Analysis!$B$5,"0%")&" of the selection).") -> Largest brand: ASUS with 44 laptops (44% of the selection).
B15: =IF(Analysis!$B$6=0,"","Half of the laptops cost less than "&TEXT(Analysis!$B$7,"#,##0")&" M Toman; the average ("&TEXT(Analysis!$B$8,"#,##0")&" M) is "&IF(Analysis!$B$8>Analysis!$B$7,"pulled up by a few very expensive models.","close to the median, so prices are fairly balanced.")) -> Half of the laptops cost less than 216 M Toman; the average (238 M) is pulled up by a few very expensive models.
B16: =IF(OR(Analysis!B98=0,Analysis!B99=0),"Select ""All"" for GPU type to compare dedicated vs integrated graphics.","Dedicated-GPU laptops cost "&TEXT(Analysis!C98/Analysis!C99,"0.0")&"x as much as integrated-GPU laptops on average ("&TEXT(Analysis!C98,"#,##0")&" vs "&TEXT(Analysis!C99,"#,##0")&" M Toman).") -> Dedicated-GPU laptops cost 1.9x as much as integrated-GPU laptops on average (344 vs 185 M Toman).
B18: Brands: who sells what, and at which price
B36: Price structure of the market
B54: How to read: bars show the current filter selection. Price tiers and categories are defined on the Params sheet; every cleaning step is traceable Raw → Clean → Analysis → Dashboard.

Sheet Specs
B1: Specs & Value
B3: How hardware choices relate to price · prices in million Toman | Q3: Overview → | U3: Ratings & deals →
B4: ="Active filters · Brand: "&fBrand&" · CPU maker: "&fCPU&" · GPU: "&fGPU&" · Price tier: "&fTier&" · RAM: "&fRAM&" → "&Analysis!$B$5&" laptops selected (change filters on the Dashboard sheet)" -> Active filters · Brand: All · CPU maker: All · GPU: All · Price tier: All · RAM: All → 99 laptops selected (change filters on the Dashboard sheet)
B6: Memory and processor
B24: Graphics card and weight
B42: Multi-dimensional comparison: RAM class × storage class
B43: Average price (M Toman) – darker = more expensive | N43: Number of laptops in each cell (sample size)
B44: RAM \ Storage | E44: =Analysis!B$103 -> ≤ 256 GB | H44: =Analysis!C$103 -> 512 GB | K44: =Analysis!D$103 -> 1 TB + | N44: RAM \ Storage | Q44: =Analysis!B$103 -> ≤ 256 GB | T44: =Analysis!C$103 -> 512 GB | W44: =Analysis!D$103 -> 1 TB +
B45: =Analysis!A104 -> ≤ 8 GB | E45: =Analysis!B104 -> 117.9469 | H45: =Analysis!C104 -> 152.34889 | K45: =Analysis!D104 -> 121 | N45: =Analysis!A104 -> ≤ 8 GB | Q45: =Analysis!G104 -> 10 | T45: =Analysis!H104 -> 19 | W45: =Analysis!I104 -> 1
B46: =Analysis!A105 -> 12–16 GB | E46: =Analysis!B105 -> 131.4 | H46: =Analysis!C105 -> 241.09971 | K46: =Analysis!D105 -> 312.46842 | N46: =Analysis!A105 -> 12–16 GB | Q46: =Analysis!G105 -> 2 | T46: =Analysis!H105 -> 35 | W46: =Analysis!I105 -> 19
B47: =Analysis!A106 -> 20 GB + | E47: =Analysis!B106 -> – | H47: =Analysis!C106 -> 287.06667 | K47: =Analysis!D106 -> 404.625 | N47: =Analysis!A106 -> 20 GB + | Q47: =Analysis!G106 -> 0 | T47: =Analysis!H106 -> 3 | W47: =Analysis!I106 -> 8
B49: Cells show "–" when no laptop matches. Treat averages built on very few laptops (see the counts on the right) with caution.

Sheet Ratings
B1: Ratings & Deals
B3: What customers think and where the discounts are · rating = 0–5 stars from technolife.com | Q3: Overview → | U3: Specs & value →
B4: ="Active filters · Brand: "&fBrand&" · CPU maker: "&fCPU&" · GPU: "&fGPU&" · Price tier: "&fTier&" · RAM: "&fRAM&" → "&Analysis!$B$5&" laptops selected (change filters on the Dashboard sheet)" -> Active filters · Brand: All · CPU maker: All · GPU: All · Price tier: All · RAM: All → 99 laptops selected (change filters on the Dashboard sheet)
B6: AVG RATING (SIMPLE) | G6: AVG RATING (WEIGHTED) | L6: TOTAL REVIEWS | Q6: CORRELATION PRICE ↔ RATING | V6: AVG DISCOUNT
B7: =Analysis!$B$11 -> 4.479798 | G7: =Analysis!$B$12 -> 4.1783486 | L7: =Analysis!$B$16 -> 1090 | Q7: =Analysis!$B$19 -> 0.23904994 | V7: =Analysis!$B$15 -> 0.044143209
B9: ="average of laptop ratings" -> average of laptop ratings | G9: ="weighted by number of reviews" -> weighted by number of reviews | L9: ="over "&Analysis!$B$5&" laptops" -> over 99 laptops | Q9: ="Pearson r · no causal claim" -> Pearson r · no causal claim | V9: =Analysis!$B$14&" laptops discounted" -> 8 laptops discounted
B11: Best-rated laptops (Bayesian-weighted so a single 5-star review cannot win)
B12: Rank | D12: Laptop | O12: Brand | R12: Price (M) | U12: Rating | W12: Reviews
B13: =Analysis!A225 -> 1 | D13: =Analysis!D225 -> لپ تاپ اچ پی 15.6 اینچی مدل Victus 15 FA2082WM i5 13420H 32GB 1TB RTX4050 | O13: =Analysis!E225 -> HP | R13: =Analysis!F225 -> 310 | U13: =Analysis!G225 -> 5 | W13: =Analysis!H225 -> 7
B14: =Analysis!A226 -> 2 | D14: =Analysis!D226 -> لپ تاپ ایسوس 16 اینچی مدل ROG Strix G16 G615JMR i7 14650HX 16GB 1TB RTX 5060 | O14: =Analysis!E226 -> ASUS | R14: =Analysis!F226 -> 504 | U14: =Analysis!G226 -> 5 | W14: =Analysis!H226 -> 4
B15: =Analysis!A227 -> 3 | D15: =Analysis!D227 -> لپ تاپ 13 اینچی اپل مدل MacBook Neo A18 Pro 2026 8GB 256GB | O15: =Analysis!E227 -> Apple | R15: =Analysis!F227 -> 217.47 | U15: =Analysis!G227 -> 4.7 | W15: =Analysis!H227 -> 13
B16: =Analysis!A228 -> 4 | D16: =Analysis!D228 -> لپ تاپ ایسوس 15.6 اینچی مدل Vivobook 15 X1504VA i7 1355U 16GB 1TB | O16: =Analysis!E228 -> ASUS | R16: =Analysis!F228 -> 210.3 | U16: =Analysis!G228 -> 4.6 | W16: =Analysis!H228 -> 30
B17: =Analysis!A229 -> 5 | D17: =Analysis!D229 -> لپ تاپ اچ پی 15.6 اینچی مدل Victus 15 FA2082WM i5 13420H 32GB 512GB RTX4050 | O17: =Analysis!E229 -> HP | R17: =Analysis!F229 -> 314 | U17: =Analysis!G229 -> 5 | W17: =Analysis!H229 -> 2
B18: =Analysis!A230 -> 6 | D18: =Analysis!D230 -> لپ تاپ لنوو 15.3 اینچی مدل IdeaPad Slim 3 i5 13420H 8GB 512GB WUXGA Backlit | O18: =Analysis!E230 -> Lenovo | R18: =Analysis!F230 -> 160 | U18: =Analysis!G230 -> 5 | W18: =Analysis!H230 -> 2
B19: =Analysis!A231 -> 7 | D19: =Analysis!D231 -> لپ تاپ ام اس آی 15.6 اینچی مدل Cyborg 15 A13UC i7 13620H 16GB 1TB RTX 3050 | O19: =Analysis!E231 -> MSI | R19: =Analysis!F231 -> 272 | U19: =Analysis!G231 -> 5 | W19: =Analysis!H231 -> 2
B20: =Analysis!A232 -> 8 | D20: =Analysis!D232 -> لپ تاپ 16 اینچی ایسوس مدل TUF Gaming FX607VU CORE 5 210H 16GB 512GB RTX 4050 | O20: =Analysis!E232 -> ASUS | R20: =Analysis!F232 -> 312 | U20: =Analysis!G232 -> 4.6 | W20: =Analysis!H232 -> 22
B21: =Analysis!A233 -> 9 | D21: =Analysis!D233 -> لپ تاپ 15.6 اینچی لنوو مدل IdeaPad 1 15IJL7 Celeron N4500 8GB 256GB | O21: =Analysis!E233 -> Lenovo | R21: =Analysis!F233 -> 94.5 | U21: =Analysis!G233 -> 4.7 | W21: =Analysis!H233 -> 6
B22: =Analysis!A234 -> 10 | D22: =Analysis!D234 -> لپ تاپ ایسوس 16 اینچی مدل TUF Gaming F16 FX608JMR i7 14650HX 32GB 1TB RTX 5060 | O22: =Analysis!E234 -> ASUS | R22: =Analysis!F234 -> 495.5 | U22: =Analysis!G234 -> 4.6 | W22: =Analysis!H234 -> 9
B24: Ratings by brand and review volume
B42: Is a higher price associated with better ratings?
N43: ="Reading the plot"&CHAR(10)&CHAR(10)&"Pearson correlation between price and rating: "&IF(ISNUMBER(Analysis!$B$19),TEXT(Analysis!$B$19,"0.00"),"n/a")&CHAR(10)&CHAR(10)&"Values near 0 mean price tells us little about satisfaction; correlation does not imply that price causes better (or worse) ratings. Many laptops have only a few reviews, so single dots can be noisy." -> Reading the plot Pearson correlation between price and rating: 0.24 Values near 0 mean price tells us little about satisfaction; correlation does not imply that price causes better (or worse) ratings. Many laptops have only a few reviews, so single dots can be noisy.
B60: Biggest discounts in the current selection
B61: Rank | D61: Laptop | O61: Brand | R61: Now (M) | U61: Before (M) | W61: Off
B62: =IF(Analysis!D239="","",Analysis!A239) -> 1 | D62: =Analysis!D239 -> لپ تاپ ایسوس 16 اینچی مدل TUF Gaming F16 FX607VJB Core 5 210H 16GB 512GB RTX 3050 | O62: =Analysis!E239 -> ASUS | R62: =Analysis!F239 -> 277 | U62: =Analysis!G239 -> 312 | W62: =Analysis!H239 -> 0.11217949
B63: =IF(Analysis!D240="","",Analysis!A240) -> 2 | D63: =Analysis!D240 -> لپ تاپ 15.6 اینچی اچ پی مدل Victus 15 FB3093DX R7 7445HS 16GB 512GB RTX 4050 | O63: =Analysis!E240 -> HP | R63: =Analysis!F240 -> 299 | U63: =Analysis!G240 -> 325 | W63: =Analysis!H240 -> 0.08
B64: =IF(Analysis!D241="","",Analysis!A241) -> 3 | D64: =Analysis!D241 -> لپ تاپ 15.6 اینچی اچ پی مدل Victus 15 FA2013DX i5 13420H 8GB 512GB RTX 3050 | O64: =Analysis!E241 -> HP | R64: =Analysis!F241 -> 229 | U64: =Analysis!G241 -> 240 | W64: =Analysis!H241 -> 0.045833333
B65: =IF(Analysis!D242="","",Analysis!A242) -> 4 | D65: =Analysis!D242 -> لپ تاپ ام اس آی مدل VenturePro 15 A2RWEG Core 7 240H 16GB 1TB RTX 5050 | O65: =Analysis!E242 -> MSI | R65: =Analysis!F242 -> 289 | U65: =Analysis!G242 -> 300 | W65: =Analysis!H242 -> 0.036666667
B66: =IF(Analysis!D243="","",Analysis!A243) -> 5 | D66: =Analysis!D243 -> لپ تاپ اچ پی 15.6 اینچی مدل Victus 15 FA2082WM i5 13420H 16GB 512GB RTX4050 | O66: =Analysis!E243 -> HP | R66: =Analysis!F243 -> 275 | U66: =Analysis!G243 -> 285 | W66: =Analysis!H243 -> 0.035087719
B67: =IF(Analysis!D244="","",Analysis!A244) -> 6 | D67: =Analysis!D244 -> لپ تاپ اچ پی 16 اینچی مدل OmniBook 5 Next Gen AI 16 ag1070wm Ryzen AI 7 350 16GB 512GB | O67: =Analysis!E244 -> HP | R67: =Analysis!F244 -> 215 | U67: =Analysis!G244 -> 220 | W67: =Analysis!H244 -> 0.022727273
B68: =IF(Analysis!D245="","",Analysis!A245) -> 7 | D68: =Analysis!D245 -> لپ تاپ لنوو 15.6 اینچی مدل IdeaPad Slim 3 i3 1315U 8GB 256GB | O68: =Analysis!E245 -> Lenovo | R68: =Analysis!F245 -> 117.999 | U68: =Analysis!G245 -> 120 | W68: =Analysis!H245 -> 0.016675
B69: =IF(Analysis!D246="","",Analysis!A246) -> 8 | D69: =Analysis!D246 -> لپ تاپ لنوو 15.6 اینچی مدل IdeaPad Slim 3 i3 1315U 8GB 512GB | O69: =Analysis!E246 -> Lenovo | R69: =Analysis!F246 -> 125.499 | U69: =Analysis!G246 -> 126 | W69: =Analysis!H246 -> 0.0039761905
B70: =IF(Analysis!D247="","",Analysis!A247) | D70: =Analysis!D247 | O70: =Analysis!E247 | R70: =Analysis!F247 | U70: =Analysis!G247 | W70: =Analysis!H247
B71: =IF(Analysis!D248="","",Analysis!A248) | D71: =Analysis!D248 | O71: =Analysis!E248 | R71: =Analysis!F248 | U71: =Analysis!G248 | W71: =Analysis!H248
B73: Discount = (old price − current price) / old price, as shown by the store. Blank rows mean there are fewer than 10 discounted laptops in the selection.

Sheet Analysis
A1: Analysis tables (every figure respects the dashboard filters)
A3: A. KPIs
A4: metric | B4: value
A5: Laptops selected | B5: =SUM(Clean!$AE$2:$AE$101) -> 99
A6: Laptops selected with a price | B6: =SUM(Clean!$AF$2:$AF$101) -> 99
A7: Median price (M Toman) | B7: =IFERROR(MEDIAN(Clean!$AH$2:$AH$101),0) -> 215.5
A8: Average price (M Toman) | B8: =IFERROR(AVERAGEIFS(Clean!$G$2:$G$101,Clean!$AF$2:$AF$101,1),0) -> 237.77564
A9: Price Q1 (M Toman) | B9: =IFERROR(QUARTILE(Clean!$AH$2:$AH$101,1),0) -> 155.9
A10: Price Q3 (M Toman) | B10: =IFERROR(QUARTILE(Clean!$AH$2:$AH$101,3),0) -> 297
A11: Average rating (simple, rated laptops) | B11: =IFERROR(AVERAGEIFS(Clean!$K$2:$K$101,Clean!$AG$2:$AG$101,1),0) -> 4.479798
A12: Average rating (weighted by review count) | B12: =IFERROR(SUMPRODUCT(Clean!$AG$2:$AG$101,Clean!$K$2:$K$101,Clean!$L$2:$L$101)/SUMPRODUCT(Clean!$AG$2:$AG$101,Clean!$L$2:$L$101),0) -> 4.1783486
A13: Share of laptops with a discount | B13: =IFERROR(SUMIFS(Clean!$J$2:$J$101,Clean!$AE$2:$AE$101,1)/B5,0) -> 0.080808081
A14: Laptops with a discount | B14: =SUMIFS(Clean!$J$2:$J$101,Clean!$AE$2:$AE$101,1) -> 8
A15: Average discount (among discounted) | B15: =IFERROR(AVERAGEIFS(Clean!$I$2:$I$101,Clean!$AE$2:$AE$101,1,Clean!$J$2:$J$101,1),0) -> 0.044143209
A16: Total reviews | B16: =SUMIFS(Clean!$L$2:$L$101,Clean!$AE$2:$AE$101,1) -> 1090
A17: Dedicated-GPU share | B17: =IFERROR(COUNTIFS(Clean!$Z$2:$Z$101,"Dedicated",Clean!$AE$2:$AE$101,1)/B5,0) -> 0.33333333
A18: Laptops in rating/price scatter | B18: =SUM(Clean!$AQ$2:$AQ$101) -> 99
A19: Correlation price vs rating (Pearson r) | B19: =IF(B18<3,"n/a",IFERROR((B18*SUMPRODUCT(Clean!$AS$2:$AS$101,Clean!$AT$2:$AT$101)-SUM(Clean!$AS$2:$AS$101)*SUM(Clean!$AT$2:$AT$101))/SQRT((B18*SUMPRODUCT(Clean!$AS$2:$AS$101,Clean!$AS$2:$AS$101)-SUM(Clean!$AS$2:$AS$101)^2)*(B18*SUMPRODUCT(Clean!$AT$2:$AT$101,Clean!$AT$2:$AT$101)-SUM(Clean!$AT$2:$AT$101)^2)),"n/a")) -> 0.23904994
A21: B. Brands (unsorted list from data) and ranked by number of laptops
A22: # | B22: brand | C22: laptops | D22: avg price (M) | E22: w. rating | F22: sort key | H22: rank | I22: brand | J22: laptops | K22: avg price (M) | L22: w. rating
A23: 1 | B23: =Params!J6 -> Lenovo | C23: =COUNTIFS(Clean!$D$2:$D$101,B23,Clean!$AE$2:$AE$101,1) -> 28 | D23: =IFERROR(AVERAGEIFS(Clean!$G$2:$G$101,Clean!$D$2:$D$101,B23,Clean!$AF$2:$AF$101,1),0) -> 209.16064 | E23: =IFERROR(SUMPRODUCT((Clean!$D$2:$D$101=B23)*Clean!$AG$2:$AG$101*Clean!$K$2:$K$101*Clean!$L$2:$L$101)/SUMPRODUCT((Clean!$D$2:$D$101=B23)*Clean!$AG$2:$AG$101*Clean!$L$2:$L$101),0) -> 3.9961364 | F23: =C23+(9-A23)/1000 -> 28.008 | H23: 1 | I23: =INDEX($B$23:$B$30,MATCH(LARGE($F$23:$F$30,H23),$F$23:$F$30,0)) -> ASUS | J23: =INDEX($C$23:$C$30,MATCH(I23,$B$23:$B$30,0)) -> 44 | K23: =INDEX($D$23:$D$30,MATCH(I23,$B$23:$B$30,0)) -> 234.57273 | L23: =INDEX($E$23:$E$30,MATCH(I23,$B$23:$B$30,0)) -> 4.2680899
A24: 2 | B24: =Params!J7 -> MSI | C24: =COUNTIFS(Clean!$D$2:$D$101,B24,Clean!$AE$2:$AE$101,1) -> 5 | D24: =IFERROR(AVERAGEIFS(Clean!$G$2:$G$101,Clean!$D$2:$D$101,B24,Clean!$AF$2:$AF$101,1),0) -> 376.1 | E24: =IFERROR(SUMPRODUCT((Clean!$D$2:$D$101=B24)*Clean!$AG$2:$AG$101*Clean!$K$2:$K$101*Clean!$L$2:$L$101)/SUMPRODUCT((Clean!$D$2:$D$101=B24)*Clean!$AG$2:$AG$101*Clean!$L$2:$L$101),0) -> 4.6555556 | F24: =C24+(9-A24)/1000 -> 5.007 | H24: 2 | I24: =INDEX($B$23:$B$30,MATCH(LARGE($F$23:$F$30,H24),$F$23:$F$30,0)) -> Lenovo | J24: =INDEX($C$23:$C$30,MATCH(I24,$B$23:$B$30,0)) -> 28 | K24: =INDEX($D$23:$D$30,MATCH(I24,$B$23:$B$30,0)) -> 209.16064 | L24: =INDEX($E$23:$E$30,MATCH(I24,$B$23:$B$30,0)) -> 3.9961364
A25: 3 | B25: =Params!J8 -> ASUS | C25: =COUNTIFS(Clean!$D$2:$D$101,B25,Clean!$AE$2:$AE$101,1) -> 44 | D25: =IFERROR(AVERAGEIFS(Clean!$G$2:$G$101,Clean!$D$2:$D$101,B25,Clean!$AF$2:$AF$101,1),0) -> 234.57273 | E25: =IFERROR(SUMPRODUCT((Clean!$D$2:$D$101=B25)*Clean!$AG$2:$AG$101*Clean!$K$2:$K$101*Clean!$L$2:$L$101)/SUMPRODUCT((Clean!$D$2:$D$101=B25)*Clean!$AG$2:$AG$101*Clean!$L$2:$L$101),0) -> 4.2680899 | F25: =C25+(9-A25)/1000 -> 44.006 | H25: 3 | I25: =INDEX($B$23:$B$30,MATCH(LARGE($F$23:$F$30,H25),$F$23:$F$30,0)) -> HP | J25: =INDEX($C$23:$C$30,MATCH(I25,$B$23:$B$30,0)) -> 14 | K25: =INDEX($D$23:$D$30,MATCH(I25,$B$23:$B$30,0)) -> 250.89286 | L25: =INDEX($E$23:$E$30,MATCH(I25,$B$23:$B$30,0)) -> 4.3302857
A26: 4 | B26: =Params!J9 -> HP | C26: =COUNTIFS(Clean!$D$2:$D$101,B26,Clean!$AE$2:$AE$101,1) -> 14 | D26: =IFERROR(AVERAGEIFS(Clean!$G$2:$G$101,Clean!$D$2:$D$101,B26,Clean!$AF$2:$AF$101,1),0) -> 250.89286 | E26: =IFERROR(SUMPRODUCT((Clean!$D$2:$D$101=B26)*Clean!$AG$2:$AG$101*Clean!$K$2:$K$101*Clean!$L$2:$L$101)/SUMPRODUCT((Clean!$D$2:$D$101=B26)*Clean!$AG$2:$AG$101*Clean!$L$2:$L$101),0) -> 4.3302857 | F26: =C26+(9-A26)/1000 -> 14.005 | H26: 4 | I26: =INDEX($B$23:$B$30,MATCH(LARGE($F$23:$F$30,H26),$F$23:$F$30,0)) -> MSI | J26: =INDEX($C$23:$C$30,MATCH(I26,$B$23:$B$30,0)) -> 5 | K26: =INDEX($D$23:$D$30,MATCH(I26,$B$23:$B$30,0)) -> 376.1 | L26: =INDEX($E$23:$E$30,MATCH(I26,$B$23:$B$30,0)) -> 4.6555556
A27: 5 | B27: =Params!J10 -> Apple | C27: =COUNTIFS(Clean!$D$2:$D$101,B27,Clean!$AE$2:$AE$101,1) -> 4 | D27: =IFERROR(AVERAGEIFS(Clean!$G$2:$G$101,Clean!$D$2:$D$101,B27,Clean!$AF$2:$AF$101,1),0) -> 325.8475 | E27: =IFERROR(SUMPRODUCT((Clean!$D$2:$D$101=B27)*Clean!$AG$2:$AG$101*Clean!$K$2:$K$101*Clean!$L$2:$L$101)/SUMPRODUCT((Clean!$D$2:$D$101=B27)*Clean!$AG$2:$AG$101*Clean!$L$2:$L$101),0) -> 4.5941176 | F27: =C27+(9-A27)/1000 -> 4.004 | H27: 5 | I27: =INDEX($B$23:$B$30,MATCH(LARGE($F$23:$F$30,H27),$F$23:$F$30,0)) -> Apple | J27: =INDEX($C$23:$C$30,MATCH(I27,$B$23:$B$30,0)) -> 4 | K27: =INDEX($D$23:$D$30,MATCH(I27,$B$23:$B$30,0)) -> 325.8475 | L27: =INDEX($E$23:$E$30,MATCH(I27,$B$23:$B$30,0)) -> 4.5941176
A28: 6 | B28: =Params!J11 -> Samsung | C28: =COUNTIFS(Clean!$D$2:$D$101,B28,Clean!$AE$2:$AE$101,1) -> 0 | D28: =IFERROR(AVERAGEIFS(Clean!$G$2:$G$101,Clean!$D$2:$D$101,B28,Clean!$AF$2:$AF$101,1),0) -> 0 | E28: =IFERROR(SUMPRODUCT((Clean!$D$2:$D$101=B28)*Clean!$AG$2:$AG$101*Clean!$K$2:$K$101*Clean!$L$2:$L$101)/SUMPRODUCT((Clean!$D$2:$D$101=B28)*Clean!$AG$2:$AG$101*Clean!$L$2:$L$101),0) -> 0 | F28: =C28+(9-A28)/1000 -> 0.003 | H28: 6 | I28: =INDEX($B$23:$B$30,MATCH(LARGE($F$23:$F$30,H28),$F$23:$F$30,0)) -> Acer | J28: =INDEX($C$23:$C$30,MATCH(I28,$B$23:$B$30,0)) -> 2 | K28: =INDEX($D$23:$D$30,MATCH(I28,$B$23:$B$30,0)) -> 152.6 | L28: =INDEX($E$23:$E$30,MATCH(I28,$B$23:$B$30,0)) -> 5
A29: 7 | B29: =Params!J12 -> Acer | C29: =COUNTIFS(Clean!$D$2:$D$101,B29,Clean!$AE$2:$AE$101,1) -> 2 | D29: =IFERROR(AVERAGEIFS(Clean!$G$2:$G$101,Clean!$D$2:$D$101,B29,Clean!$AF$2:$AF$101,1),0) -> 152.6 | E29: =IFERROR(SUMPRODUCT((Clean!$D$2:$D$101=B29)*Clean!$AG$2:$AG$101*Clean!$K$2:$K$101*Clean!$L$2:$L$101)/SUMPRODUCT((Clean!$D$2:$D$101=B29)*Clean!$AG$2:$AG$101*Clean!$L$2:$L$101),0) -> 5 | F29: =C29+(9-A29)/1000 -> 2.002 | H29: 7 | I29: =INDEX($B$23:$B$30,MATCH(LARGE($F$23:$F$30,H29),$F$23:$F$30,0)) -> Dell | J29: =INDEX($C$23:$C$30,MATCH(I29,$B$23:$B$30,0)) -> 2 | K29: =INDEX($D$23:$D$30,MATCH(I29,$B$23:$B$30,0)) -> 180.25 | L29: =INDEX($E$23:$E$30,MATCH(I29,$B$23:$B$30,0)) -> 4.5
A30: 8 | B30: =Params!J13 -> Dell | C30: =COUNTIFS(Clean!$D$2:$D$101,B30,Clean!$AE$2:$AE$101,1) -> 2 | D30: =IFERROR(AVERAGEIFS(Clean!$G$2:$G$101,Clean!$D$2:$D$101,B30,Clean!$AF$2:$AF$101,1),0) -> 180.25 | E30: =IFERROR(SUMPRODUCT((Clean!$D$2:$D$101=B30)*Clean!$AG$2:$AG$101*Clean!$K$2:$K$101*Clean!$L$2:$L$101)/SUMPRODUCT((Clean!$D$2:$D$101=B30)*Clean!$AG$2:$AG$101*Clean!$L$2:$L$101),0) -> 4.5 | F30: =C30+(9-A30)/1000 -> 2.001 | H30: 8 | I30: =INDEX($B$23:$B$30,MATCH(LARGE($F$23:$F$30,H30),$F$23:$F$30,0)) -> Samsung | J30: =INDEX($C$23:$C$30,MATCH(I30,$B$23:$B$30,0)) -> 0 | K30: =INDEX($D$23:$D$30,MATCH(I30,$B$23:$B$30,0)) -> 0 | L30: =INDEX($E$23:$E$30,MATCH(I30,$B$23:$B$30,0)) -> 0
A33: C. Price distribution (M Toman)
A34: bin | B34: from | C34: to | D34: laptops
A35: =TEXT(B35,"0")&"–"&TEXT(C35,"0") -> 50–100 | B35: =p_bin0+0*p_binw -> 50 | C35: =B35+p_binw -> 100 | D35: =COUNTIFS(Clean!$G$2:$G$101,">="&B35,Clean!$G$2:$G$101,"<"&C35,Clean!$AF$2:$AF$101,1) -> 5
A36: =TEXT(B36,"0")&"–"&TEXT(C36,"0") -> 100–150 | B36: =p_bin0+1*p_binw -> 100 | C36: =B36+p_binw -> 150 | D36: =COUNTIFS(Clean!$G$2:$G$101,">="&B36,Clean!$G$2:$G$101,"<"&C36,Clean!$AF$2:$AF$101,1) -> 18
A37: =TEXT(B37,"0")&"–"&TEXT(C37,"0") -> 150–200 | B37: =p_bin0+2*p_binw -> 150 | C37: =B37+p_binw -> 200 | D37: =COUNTIFS(Clean!$G$2:$G$101,">="&B37,Clean!$G$2:$G$101,"<"&C37,Clean!$AF$2:$AF$101,1) -> 22
A38: =TEXT(B38,"0")&"–"&TEXT(C38,"0") -> 200–250 | B38: =p_bin0+3*p_binw -> 200 | C38: =B38+p_binw -> 250 | D38: =COUNTIFS(Clean!$G$2:$G$101,">="&B38,Clean!$G$2:$G$101,"<"&C38,Clean!$AF$2:$AF$101,1) -> 17
A39: =TEXT(B39,"0")&"–"&TEXT(C39,"0") -> 250–300 | B39: =p_bin0+4*p_binw -> 250 | C39: =B39+p_binw -> 300 | D39: =COUNTIFS(Clean!$G$2:$G$101,">="&B39,Clean!$G$2:$G$101,"<"&C39,Clean!$AF$2:$AF$101,1) -> 14
A40: =TEXT(B40,"0")&"–"&TEXT(C40,"0") -> 300–350 | B40: =p_bin0+5*p_binw -> 300 | C40: =B40+p_binw -> 350 | D40: =COUNTIFS(Clean!$G$2:$G$101,">="&B40,Clean!$G$2:$G$101,"<"&C40,Clean!$AF$2:$AF$101,1) -> 9
A41: =TEXT(B41,"0")&"–"&TEXT(C41,"0") -> 350–400 | B41: =p_bin0+6*p_binw -> 350 | C41: =B41+p_binw -> 400 | D41: =COUNTIFS(Clean!$G$2:$G$101,">="&B41,Clean!$G$2:$G$101,"<"&C41,Clean!$AF$2:$AF$101,1) -> 2
A42: =TEXT(B42,"0")&"–"&TEXT(C42,"0") -> 400–450 | B42: =p_bin0+7*p_binw -> 400 | C42: =B42+p_binw -> 450 | D42: =COUNTIFS(Clean!$G$2:$G$101,">="&B42,Clean!$G$2:$G$101,"<"&C42,Clean!$AF$2:$AF$101,1) -> 5
A43: =TEXT(B43,"0")&"–"&TEXT(C43,"0") -> 450–500 | B43: =p_bin0+8*p_binw -> 450 | C43: =B43+p_binw -> 500 | D43: =COUNTIFS(Clean!$G$2:$G$101,">="&B43,Clean!$G$2:$G$101,"<"&C43,Clean!$AF$2:$AF$101,1) -> 5
A44: =TEXT(B44,"0")&"+" -> 500+ | B44: =p_bin0+9*p_binw -> 500 | C44: 1000000 | D44: =COUNTIFS(Clean!$G$2:$G$101,">="&B44,Clean!$G$2:$G$101,"<"&C44,Clean!$AF$2:$AF$101,1) -> 2
A47: D. Price tier x CPU maker (stacked share)
A48: price tier | B48: Intel | C48: AMD | D48: Apple | E48: total
A49: =Params!E5 -> < 100 M | B49: =COUNTIFS(Clean!$AB$2:$AB$101,$A49,Clean!$O$2:$O$101,"Intel",Clean!$AE$2:$AE$101,1) -> 0 | C49: =COUNTIFS(Clean!$AB$2:$AB$101,$A49,Clean!$O$2:$O$101,"AMD",Clean!$AE$2:$AE$101,1) -> 0 | D49: =COUNTIFS(Clean!$AB$2:$AB$101,$A49,Clean!$O$2:$O$101,"Apple",Clean!$AE$2:$AE$101,1) -> 0 | E49: =SUM(B49:D49) -> 0
A50: =Params!E6 -> 100–200 M | B50: =COUNTIFS(Clean!$AB$2:$AB$101,$A50,Clean!$O$2:$O$101,"Intel",Clean!$AE$2:$AE$101,1) -> 33 | C50: =COUNTIFS(Clean!$AB$2:$AB$101,$A50,Clean!$O$2:$O$101,"AMD",Clean!$AE$2:$AE$101,1) -> 7 | D50: =COUNTIFS(Clean!$AB$2:$AB$101,$A50,Clean!$O$2:$O$101,"Apple",Clean!$AE$2:$AE$101,1) -> 0 | E50: =SUM(B50:D50) -> 40
A51: =Params!E7 -> 200–300 M | B51: =COUNTIFS(Clean!$AB$2:$AB$101,$A51,Clean!$O$2:$O$101,"Intel",Clean!$AE$2:$AE$101,1) -> 26 | C51: =COUNTIFS(Clean!$AB$2:$AB$101,$A51,Clean!$O$2:$O$101,"AMD",Clean!$AE$2:$AE$101,1) -> 3 | D51: =COUNTIFS(Clean!$AB$2:$AB$101,$A51,Clean!$O$2:$O$101,"Apple",Clean!$AE$2:$AE$101,1) -> 2 | E51: =SUM(B51:D51) -> 31
A52: =Params!E8 -> 300–400 M | B52: =COUNTIFS(Clean!$AB$2:$AB$101,$A52,Clean!$O$2:$O$101,"Intel",Clean!$AE$2:$AE$101,1) -> 7 | C52: =COUNTIFS(Clean!$AB$2:$AB$101,$A52,Clean!$O$2:$O$101,"AMD",Clean!$AE$2:$AE$101,1) -> 3 | D52: =COUNTIFS(Clean!$AB$2:$AB$101,$A52,Clean!$O$2:$O$101,"Apple",Clean!$AE$2:$AE$101,1) -> 1 | E52: =SUM(B52:D52) -> 11
A53: =Params!E9 -> 400 M + | B53: =COUNTIFS(Clean!$AB$2:$AB$101,$A53,Clean!$O$2:$O$101,"Intel",Clean!$AE$2:$AE$101,1) -> 11 | C53: =COUNTIFS(Clean!$AB$2:$AB$101,$A53,Clean!$O$2:$O$101,"AMD",Clean!$AE$2:$AE$101,1) -> 0 | D53: =COUNTIFS(Clean!$AB$2:$AB$101,$A53,Clean!$O$2:$O$101,"Apple",Clean!$AE$2:$AE$101,1) -> 1 | E53: =SUM(B53:D53) -> 12
A56: E. Average price by RAM size
A57: RAM (GB) | B57: laptops | C57: avg price (M) | D57: chart label
A58: 4 | B58: =COUNTIFS(Clean!$Q$2:$Q$101,A58,Clean!$AE$2:$AE$101,1) -> 3 | C58: =IFERROR(AVERAGEIFS(Clean!$G$2:$G$101,Clean!$Q$2:$Q$101,A58,Clean!$AF$2:$AF$101,1),0) -> 68.2 | D58: =A58&" GB (n="&B58&")" -> 4 GB (n=3)
A59: 8 | B59: =COUNTIFS(Clean!$Q$2:$Q$101,A59,Clean!$AE$2:$AE$101,1) -> 27 | C59: =IFERROR(AVERAGEIFS(Clean!$G$2:$G$101,Clean!$Q$2:$Q$101,A59,Clean!$AF$2:$AF$101,1),0) -> 147.79622 | D59: =A59&" GB (n="&B59&")" -> 8 GB (n=27)
A60: 12 | B60: =COUNTIFS(Clean!$Q$2:$Q$101,A60,Clean!$AE$2:$AE$101,1) -> 1 | C60: =IFERROR(AVERAGEIFS(Clean!$G$2:$G$101,Clean!$Q$2:$Q$101,A60,Clean!$AF$2:$AF$101,1),0) -> 144 | D60: =A60&" GB (n="&B60&")" -> 12 GB (n=1)
A61: 16 | B61: =COUNTIFS(Clean!$Q$2:$Q$101,A61,Clean!$AE$2:$AE$101,1) -> 56 | C61: =IFERROR(AVERAGEIFS(Clean!$G$2:$G$101,Clean!$Q$2:$Q$101,A61,Clean!$AF$2:$AF$101,1),0) -> 262.36589 | D61: =A61&" GB (n="&B61&")" -> 16 GB (n=56)
A62: 20 | B62: =COUNTIFS(Clean!$Q$2:$Q$101,A62,Clean!$AE$2:$AE$101,1) -> 1 | C62: =IFERROR(AVERAGEIFS(Clean!$G$2:$G$101,Clean!$Q$2:$Q$101,A62,Clean!$AF$2:$AF$101,1),0) -> 223 | D62: =A62&" GB (n="&B62&")" -> 20 GB (n=1)
A63: 24 | B63: =COUNTIFS(Clean!$Q$2:$Q$101,A63,Clean!$AE$2:$AE$101,1) -> 2 | C63: =IFERROR(AVERAGEIFS(Clean!$G$2:$G$101,Clean!$Q$2:$Q$101,A63,Clean!$AF$2:$AF$101,1),0) -> 227 | D63: =A63&" GB (n="&B63&")" -> 24 GB (n=2)
A64: 32 | B64: =COUNTIFS(Clean!$Q$2:$Q$101,A64,Clean!$AE$2:$AE$101,1) -> 9 | C64: =IFERROR(AVERAGEIFS(Clean!$G$2:$G$101,Clean!$Q$2:$Q$101,A64,Clean!$AF$2:$AF$101,1),0) -> 425.68889 | D64: =A64&" GB (n="&B64&")" -> 32 GB (n=9)
A67: F. CPU families (all) and top 10 by number of laptops
A68: # | B68: family | C68: laptops | D68: avg price (M) | E68: sort key | G68: rank | H68: family (n) | I68: laptops | J68: avg price (M)
A69: 1 | B69: =IFERROR(INDEX(Clean!$P$2:$P$101,MATCH(A69,Clean!$AJ$2:$AJ$101,0)),"") -> Core i3 | C69: =IF(B69="","",COUNTIFS(Clean!$P$2:$P$101,B69,Clean!$AE$2:$AE$101,1)) -> 10 | D69: =IF(B69="","",IFERROR(AVERAGEIFS(Clean!$G$2:$G$101,Clean!$P$2:$P$101,B69,Clean!$AF$2:$AF$101,1),0)) -> 140.1798 | E69: =IF(B69="","",IF(C69>0,C69+(26-A69)/1000,"")) -> 10.025 | G69: 1 | H69: =IFERROR(INDEX($B$69:$B$93,MATCH(LARGE($E$69:$E$93,G69),$E$69:$E$93,0))&" (n="&INDEX($C$69:$C$93,MATCH(LARGE($E$69:$E$93,G69),$E$69:$E$93,0))&")","") -> Core i7 (n=23) | I69: =IFERROR(INDEX($C$69:$C$93,MATCH(LARGE($E$69:$E$93,G69),$E$69:$E$93,0)),"") -> 23 | J69: =IFERROR(INDEX($D$69:$D$93,MATCH(LARGE($E$69:$E$93,G69),$E$69:$E$93,0)),"") -> 322.84783
A70: 2 | B70: =IFERROR(INDEX(Clean!$P$2:$P$101,MATCH(A70,Clean!$AJ$2:$AJ$101,0)),"") -> Core i7 | C70: =IF(B70="","",COUNTIFS(Clean!$P$2:$P$101,B70,Clean!$AE$2:$AE$101,1)) -> 23 | D70: =IF(B70="","",IFERROR(AVERAGEIFS(Clean!$G$2:$G$101,Clean!$P$2:$P$101,B70,Clean!$AF$2:$AF$101,1),0)) -> 322.84783 | E70: =IF(B70="","",IF(C70>0,C70+(26-A70)/1000,"")) -> 23.024 | G70: 2 | H70: =IFERROR(INDEX($B$69:$B$93,MATCH(LARGE($E$69:$E$93,G70),$E$69:$E$93,0))&" (n="&INDEX($C$69:$C$93,MATCH(LARGE($E$69:$E$93,G70),$E$69:$E$93,0))&")","") -> Core i5 (n=21) | I70: =IFERROR(INDEX($C$69:$C$93,MATCH(LARGE($E$69:$E$93,G70),$E$69:$E$93,0)),"") -> 21 | J70: =IFERROR(INDEX($D$69:$D$93,MATCH(LARGE($E$69:$E$93,G70),$E$69:$E$93,0)),"") -> 225.38571
A71: 3 | B71: =IFERROR(INDEX(Clean!$P$2:$P$101,MATCH(A71,Clean!$AJ$2:$AJ$101,0)),"") -> Core i5 | C71: =IF(B71="","",COUNTIFS(Clean!$P$2:$P$101,B71,Clean!$AE$2:$AE$101,1)) -> 21 | D71: =IF(B71="","",IFERROR(AVERAGEIFS(Clean!$G$2:$G$101,Clean!$P$2:$P$101,B71,Clean!$AF$2:$AF$101,1),0)) -> 225.38571 | E71: =IF(B71="","",IF(C71>0,C71+(26-A71)/1000,"")) -> 21.023 | G71: 3 | H71: =IFERROR(INDEX($B$69:$B$93,MATCH(LARGE($E$69:$E$93,G71),$E$69:$E$93,0))&" (n="&INDEX($C$69:$C$93,MATCH(LARGE($E$69:$E$93,G71),$E$69:$E$93,0))&")","") -> Core i3 (n=10) | I71: =IFERROR(INDEX($C$69:$C$93,MATCH(LARGE($E$69:$E$93,G71),$E$69:$E$93,0)),"") -> 10 | J71: =IFERROR(INDEX($D$69:$D$93,MATCH(LARGE($E$69:$E$93,G71),$E$69:$E$93,0)),"") -> 140.1798
A72: 4 | B72: =IFERROR(INDEX(Clean!$P$2:$P$101,MATCH(A72,Clean!$AJ$2:$AJ$101,0)),"") -> Celeron | C72: =IF(B72="","",COUNTIFS(Clean!$P$2:$P$101,B72,Clean!$AE$2:$AE$101,1)) -> 9 | D72: =IF(B72="","",IFERROR(AVERAGEIFS(Clean!$G$2:$G$101,Clean!$P$2:$P$101,B72,Clean!$AF$2:$AF$101,1),0)) -> 93.366667 | E72: =IF(B72="","",IF(C72>0,C72+(26-A72)/1000,"")) -> 9.022 | G72: 4 | H72: =IFERROR(INDEX($B$69:$B$93,MATCH(LARGE($E$69:$E$93,G72),$E$69:$E$93,0))&" (n="&INDEX($C$69:$C$93,MATCH(LARGE($E$69:$E$93,G72),$E$69:$E$93,0))&")","") -> Celeron (n=9) | I72: =IFERROR(INDEX($C$69:$C$93,MATCH(LARGE($E$69:$E$93,G72),$E$69:$E$93,0)),"") -> 9 | J72: =IFERROR(INDEX($D$69:$D$93,MATCH(LARGE($E$69:$E$93,G72),$E$69:$E$93,0)),"") -> 93.366667
A73: 5 | B73: =IFERROR(INDEX(Clean!$P$2:$P$101,MATCH(A73,Clean!$AJ$2:$AJ$101,0)),"") -> Core 7 | C73: =IF(B73="","",COUNTIFS(Clean!$P$2:$P$101,B73,Clean!$AE$2:$AE$101,1)) -> 8 | D73: =IF(B73="","",IFERROR(AVERAGEIFS(Clean!$G$2:$G$101,Clean!$P$2:$P$101,B73,Clean!$AF$2:$AF$101,1),0)) -> 212.3375 | E73: =IF(B73="","",IF(C73>0,C73+(26-A73)/1000,"")) -> 8.021 | G73: 5 | H73: =IFERROR(INDEX($B$69:$B$93,MATCH(LARGE($E$69:$E$93,G73),$E$69:$E$93,0))&" (n="&INDEX($C$69:$C$93,MATCH(LARGE($E$69:$E$93,G73),$E$69:$E$93,0))&")","") -> Core 7 (n=8) | I73: =IFERROR(INDEX($C$69:$C$93,MATCH(LARGE($E$69:$E$93,G73),$E$69:$E$93,0)),"") -> 8 | J73: =IFERROR(INDEX($D$69:$D$93,MATCH(LARGE($E$69:$E$93,G73),$E$69:$E$93,0)),"") -> 212.3375
A74: 6 | B74: =IFERROR(INDEX(Clean!$P$2:$P$101,MATCH(A74,Clean!$AJ$2:$AJ$101,0)),"") -> Core 5 | C74: =IF(B74="","",COUNTIFS(Clean!$P$2:$P$101,B74,Clean!$AE$2:$AE$101,1)) -> 5 | D74: =IF(B74="","",IFERROR(AVERAGEIFS(Clean!$G$2:$G$101,Clean!$P$2:$P$101,B74,Clean!$AF$2:$AF$101,1),0)) -> 250.4 | E74: =IF(B74="","",IF(C74>0,C74+(26-A74)/1000,"")) -> 5.02 | G74: 6 | H74: =IFERROR(INDEX($B$69:$B$93,MATCH(LARGE($E$69:$E$93,G74),$E$69:$E$93,0))&" (n="&INDEX($C$69:$C$93,MATCH(LARGE($E$69:$E$93,G74),$E$69:$E$93,0))&")","") -> Ryzen 7 (n=6) | I74: =IFERROR(INDEX($C$69:$C$93,MATCH(LARGE($E$69:$E$93,G74),$E$69:$E$93,0)),"") -> 6 | J74: =IFERROR(INDEX($D$69:$D$93,MATCH(LARGE($E$69:$E$93,G74),$E$69:$E$93,0)),"") -> 292.68333
A75: 7 | B75: =IFERROR(INDEX(Clean!$P$2:$P$101,MATCH(A75,Clean!$AJ$2:$AJ$101,0)),"") -> Apple Silicon | C75: =IF(B75="","",COUNTIFS(Clean!$P$2:$P$101,B75,Clean!$AE$2:$AE$101,1)) -> 4 | D75: =IF(B75="","",IFERROR(AVERAGEIFS(Clean!$G$2:$G$101,Clean!$P$2:$P$101,B75,Clean!$AF$2:$AF$101,1),0)) -> 325.8475 | E75: =IF(B75="","",IF(C75>0,C75+(26-A75)/1000,"")) -> 4.019 | G75: 7 | H75: =IFERROR(INDEX($B$69:$B$93,MATCH(LARGE($E$69:$E$93,G75),$E$69:$E$93,0))&" (n="&INDEX($C$69:$C$93,MATCH(LARGE($E$69:$E$93,G75),$E$69:$E$93,0))&")","") -> Core 5 (n=5) | I75: =IFERROR(INDEX($C$69:$C$93,MATCH(LARGE($E$69:$E$93,G75),$E$69:$E$93,0)),"") -> 5 | J75: =IFERROR(INDEX($D$69:$D$93,MATCH(LARGE($E$69:$E$93,G75),$E$69:$E$93,0)),"") -> 250.4
A76: 8 | B76: =IFERROR(INDEX(Clean!$P$2:$P$101,MATCH(A76,Clean!$AJ$2:$AJ$101,0)),"") -> Ryzen AI | C76: =IF(B76="","",COUNTIFS(Clean!$P$2:$P$101,B76,Clean!$AE$2:$AE$101,1)) -> 1 | D76: =IF(B76="","",IFERROR(AVERAGEIFS(Clean!$G$2:$G$101,Clean!$P$2:$P$101,B76,Clean!$AF$2:$AF$101,1),0)) -> 215 | E76: =IF(B76="","",IF(C76>0,C76+(26-A76)/1000,"")) -> 1.018 | G76: 8 | H76: =IFERROR(INDEX($B$69:$B$93,MATCH(LARGE($E$69:$E$93,G76),$E$69:$E$93,0))&" (n="&INDEX($C$69:$C$93,MATCH(LARGE($E$69:$E$93,G76),$E$69:$E$93,0))&")","") -> Apple Silicon (n=4) | I76: =IFERROR(INDEX($C$69:$C$93,MATCH(LARGE($E$69:$E$93,G76),$E$69:$E$93,0)),"") -> 4 | J76: =IFERROR(INDEX($D$69:$D$93,MATCH(LARGE($E$69:$E$93,G76),$E$69:$E$93,0)),"") -> 325.8475
A77: 9 | B77: =IFERROR(INDEX(Clean!$P$2:$P$101,MATCH(A77,Clean!$AJ$2:$AJ$101,0)),"") -> Ryzen 5 | C77: =IF(B77="","",COUNTIFS(Clean!$P$2:$P$101,B77,Clean!$AE$2:$AE$101,1)) -> 3 | D77: =IF(B77="","",IFERROR(AVERAGEIFS(Clean!$G$2:$G$101,Clean!$P$2:$P$101,B77,Clean!$AF$2:$AF$101,1),0)) -> 145.63333 | E77: =IF(B77="","",IF(C77>0,C77+(26-A77)/1000,"")) -> 3.017 | G77: 9 | H77: =IFERROR(INDEX($B$69:$B$93,MATCH(LARGE($E$69:$E$93,G77),$E$69:$E$93,0))&" (n="&INDEX($C$69:$C$93,MATCH(LARGE($E$69:$E$93,G77),$E$69:$E$93,0))&")","") -> Ryzen 5 (n=3) | I77: =IFERROR(INDEX($C$69:$C$93,MATCH(LARGE($E$69:$E$93,G77),$E$69:$E$93,0)),"") -> 3 | J77: =IFERROR(INDEX($D$69:$D$93,MATCH(LARGE($E$69:$E$93,G77),$E$69:$E$93,0)),"") -> 145.63333
A78: 10 | B78: =IFERROR(INDEX(Clean!$P$2:$P$101,MATCH(A78,Clean!$AJ$2:$AJ$101,0)),"") -> Ryzen 3 | C78: =IF(B78="","",COUNTIFS(Clean!$P$2:$P$101,B78,Clean!$AE$2:$AE$101,1)) -> 3 | D78: =IF(B78="","",IFERROR(AVERAGEIFS(Clean!$G$2:$G$101,Clean!$P$2:$P$101,B78,Clean!$AF$2:$AF$101,1),0)) -> 126.26667 | E78: =IF(B78="","",IF(C78>0,C78+(26-A78)/1000,"")) -> 3.016 | G78: 10 | H78: =IFERROR(INDEX($B$69:$B$93,MATCH(LARGE($E$69:$E$93,G78),$E$69:$E$93,0))&" (n="&INDEX($C$69:$C$93,MATCH(LARGE($E$69:$E$93,G78),$E$69:$E$93,0))&")","") -> Ryzen 3 (n=3) | I78: =IFERROR(INDEX($C$69:$C$93,MATCH(LARGE($E$69:$E$93,G78),$E$69:$E$93,0)),"") -> 3 | J78: =IFERROR(INDEX($D$69:$D$93,MATCH(LARGE($E$69:$E$93,G78),$E$69:$E$93,0)),"") -> 126.26667
A79: 11 | B79: =IFERROR(INDEX(Clean!$P$2:$P$101,MATCH(A79,Clean!$AJ$2:$AJ$101,0)),"") -> Unknown | C79: =IF(B79="","",COUNTIFS(Clean!$P$2:$P$101,B79,Clean!$AE$2:$AE$101,1)) -> 0 | D79: =IF(B79="","",IFERROR(AVERAGEIFS(Clean!$G$2:$G$101,Clean!$P$2:$P$101,B79,Clean!$AF$2:$AF$101,1),0)) -> 0 | E79: =IF(B79="","",IF(C79>0,C79+(26-A79)/1000,""))
A80: 12 | B80: =IFERROR(INDEX(Clean!$P$2:$P$101,MATCH(A80,Clean!$AJ$2:$AJ$101,0)),"") -> Ryzen 7 | C80: =IF(B80="","",COUNTIFS(Clean!$P$2:$P$101,B80,Clean!$AE$2:$AE$101,1)) -> 6 | D80: =IF(B80="","",IFERROR(AVERAGEIFS(Clean!$G$2:$G$101,Clean!$P$2:$P$101,B80,Clean!$AF$2:$AF$101,1),0)) -> 292.68333 | E80: =IF(B80="","",IF(C80>0,C80+(26-A80)/1000,"")) -> 6.014
A81: 13 | B81: =IFERROR(INDEX(Clean!$P$2:$P$101,MATCH(A81,Clean!$AJ$2:$AJ$101,0)),"") -> Ultra 5 | C81: =IF(B81="","",COUNTIFS(Clean!$P$2:$P$101,B81,Clean!$AE$2:$AE$101,1)) -> 1 | D81: =IF(B81="","",IFERROR(AVERAGEIFS(Clean!$G$2:$G$101,Clean!$P$2:$P$101,B81,Clean!$AF$2:$AF$101,1),0)) -> 275 | E81: =IF(B81="","",IF(C81>0,C81+(26-A81)/1000,"")) -> 1.013
A82: 14 | B82: =IFERROR(INDEX(Clean!$P$2:$P$101,MATCH(A82,Clean!$AJ$2:$AJ$101,0)),"") -> Core 3 | C82: =IF(B82="","",COUNTIFS(Clean!$P$2:$P$101,B82,Clean!$AE$2:$AE$101,1)) -> 1 | D82: =IF(B82="","",IFERROR(AVERAGEIFS(Clean!$G$2:$G$101,Clean!$P$2:$P$101,B82,Clean!$AF$2:$AF$101,1),0)) -> 162.2 | E82: =IF(B82="","",IF(C82>0,C82+(26-A82)/1000,"")) -> 1.012
A83: 15 | B83: =IFERROR(INDEX(Clean!$P$2:$P$101,MATCH(A83,Clean!$AJ$2:$AJ$101,0)),"") -> Core i9 | C83: =IF(B83="","",COUNTIFS(Clean!$P$2:$P$101,B83,Clean!$AE$2:$AE$101,1)) -> 2 | D83: =IF(B83="","",IFERROR(AVERAGEIFS(Clean!$G$2:$G$101,Clean!$P$2:$P$101,B83,Clean!$AF$2:$AF$101,1),0)) -> 459.75 | E83: =IF(B83="","",IF(C83>0,C83+(26-A83)/1000,"")) -> 2.011
A84: 16 | B84: =IFERROR(INDEX(Clean!$P$2:$P$101,MATCH(A84,Clean!$AJ$2:$AJ$101,0)),"") -> Ultra 7 | C84: =IF(B84="","",COUNTIFS(Clean!$P$2:$P$101,B84,Clean!$AE$2:$AE$101,1)) -> 1 | D84: =IF(B84="","",IFERROR(AVERAGEIFS(Clean!$G$2:$G$101,Clean!$P$2:$P$101,B84,Clean!$AF$2:$AF$101,1),0)) -> 272.5 | E84: =IF(B84="","",IF(C84>0,C84+(26-A84)/1000,"")) -> 1.01
A85: 17 | B85: =IFERROR(INDEX(Clean!$P$2:$P$101,MATCH(A85,Clean!$AJ$2:$AJ$101,0)),"") -> Ultra 9 | C85: =IF(B85="","",COUNTIFS(Clean!$P$2:$P$101,B85,Clean!$AE$2:$AE$101,1)) -> 1 | D85: =IF(B85="","",IFERROR(AVERAGEIFS(Clean!$G$2:$G$101,Clean!$P$2:$P$101,B85,Clean!$AF$2:$AF$101,1),0)) -> 469 | E85: =IF(B85="","",IF(C85>0,C85+(26-A85)/1000,"")) -> 1.009
A86: 18 | B86: =IFERROR(INDEX(Clean!$P$2:$P$101,MATCH(A86,Clean!$AJ$2:$AJ$101,0)),"") | C86: =IF(B86="","",COUNTIFS(Clean!$P$2:$P$101,B86,Clean!$AE$2:$AE$101,1)) | D86: =IF(B86="","",IFERROR(AVERAGEIFS(Clean!$G$2:$G$101,Clean!$P$2:$P$101,B86,Clean!$AF$2:$AF$101,1),0)) | E86: =IF(B86="","",IF(C86>0,C86+(26-A86)/1000,""))
A87: 19 | B87: =IFERROR(INDEX(Clean!$P$2:$P$101,MATCH(A87,Clean!$AJ$2:$AJ$101,0)),"") | C87: =IF(B87="","",COUNTIFS(Clean!$P$2:$P$101,B87,Clean!$AE$2:$AE$101,1)) | D87: =IF(B87="","",IFERROR(AVERAGEIFS(Clean!$G$2:$G$101,Clean!$P$2:$P$101,B87,Clean!$AF$2:$AF$101,1),0)) | E87: =IF(B87="","",IF(C87>0,C87+(26-A87)/1000,""))
A88: 20 | B88: =IFERROR(INDEX(Clean!$P$2:$P$101,MATCH(A88,Clean!$AJ$2:$AJ$101,0)),"") | C88: =IF(B88="","",COUNTIFS(Clean!$P$2:$P$101,B88,Clean!$AE$2:$AE$101,1)) | D88: =IF(B88="","",IFERROR(AVERAGEIFS(Clean!$G$2:$G$101,Clean!$P$2:$P$101,B88,Clean!$AF$2:$AF$101,1),0)) | E88: =IF(B88="","",IF(C88>0,C88+(26-A88)/1000,""))
A89: 21 | B89: =IFERROR(INDEX(Clean!$P$2:$P$101,MATCH(A89,Clean!$AJ$2:$AJ$101,0)),"") | C89: =IF(B89="","",COUNTIFS(Clean!$P$2:$P$101,B89,Clean!$AE$2:$AE$101,1)) | D89: =IF(B89="","",IFERROR(AVERAGEIFS(Clean!$G$2:$G$101,Clean!$P$2:$P$101,B89,Clean!$AF$2:$AF$101,1),0)) | E89: =IF(B89="","",IF(C89>0,C89+(26-A89)/1000,""))
A90: 22 | B90: =IFERROR(INDEX(Clean!$P$2:$P$101,MATCH(A90,Clean!$AJ$2:$AJ$101,0)),"") | C90: =IF(B90="","",COUNTIFS(Clean!$P$2:$P$101,B90,Clean!$AE$2:$AE$101,1)) | D90: =IF(B90="","",IFERROR(AVERAGEIFS(Clean!$G$2:$G$101,Clean!$P$2:$P$101,B90,Clean!$AF$2:$AF$101,1),0)) | E90: =IF(B90="","",IF(C90>0,C90+(26-A90)/1000,""))
... A93: 25 | B93: =IFERROR(INDEX(Clean!$P$2:$P$101,MATCH(A93,Clean!$AJ$2:$AJ$101,0)),"") | C93: =IF(B93="","",COUNTIFS(Clean!$P$2:$P$101,B93,Clean!$AE$2:$AE$101,1)) | D93: =IF(B93="","",IFERROR(AVERAGEIFS(Clean!$G$2:$G$101,Clean!$P$2:$P$101,B93,Clean!$AF$2:$AF$101,1),0)) | E93: =IF(B93="","",IF(C93>0,C93+(26-A93)/1000,""))
A96: G. Dedicated vs integrated graphics
A97: GPU type | B97: laptops | C97: avg price (M) | D97: avg weight (kg) | E97: w. rating | F97: avg RAM (GB)
A98: Dedicated | B98: =COUNTIFS(Clean!$Z$2:$Z$101,A98,Clean!$AE$2:$AE$101,1) -> 33 | C98: =IFERROR(AVERAGEIFS(Clean!$G$2:$G$101,Clean!$Z$2:$Z$101,A98,Clean!$AF$2:$AF$101,1),0) -> 343.8303 | D98: =IFERROR(AVERAGEIFS(Clean!$W$2:$W$101,Clean!$Z$2:$Z$101,A98,Clean!$AE$2:$AE$101,1),0) -> 2.2824242 | E98: =IFERROR(SUMPRODUCT((Clean!$Z$2:$Z$101=A98)*Clean!$AG$2:$AG$101*Clean!$K$2:$K$101*Clean!$L$2:$L$101)/SUMPRODUCT((Clean!$Z$2:$Z$101=A98)*Clean!$AG$2:$AG$101*Clean!$L$2:$L$101),0) -> 4.3797909 | F98: =IFERROR(AVERAGEIFS(Clean!$Q$2:$Q$101,Clean!$Z$2:$Z$101,A98,Clean!$AE$2:$AE$101,1),0) -> 19.151515
A99: Integrated | B99: =COUNTIFS(Clean!$Z$2:$Z$101,A99,Clean!$AE$2:$AE$101,1) -> 66 | C99: =IFERROR(AVERAGEIFS(Clean!$G$2:$G$101,Clean!$Z$2:$Z$101,A99,Clean!$AF$2:$AF$101,1),0) -> 184.7483 | D99: =IFERROR(AVERAGEIFS(Clean!$W$2:$W$101,Clean!$Z$2:$Z$101,A99,Clean!$AE$2:$AE$101,1),0) -> 1.6051667 | E99: =IFERROR(SUMPRODUCT((Clean!$Z$2:$Z$101=A99)*Clean!$AG$2:$AG$101*Clean!$K$2:$K$101*Clean!$L$2:$L$101)/SUMPRODUCT((Clean!$Z$2:$Z$101=A99)*Clean!$AG$2:$AG$101*Clean!$L$2:$L$101),0) -> 4.1063512 | F99: =IFERROR(AVERAGEIFS(Clean!$Q$2:$Q$101,Clean!$Z$2:$Z$101,A99,Clean!$AE$2:$AE$101,1),0) -> 13.030303
A102: H. Average price (M Toman) and laptop count: RAM class x storage class
A103: RAM \ storage | B103: ≤ 256 GB | C103: 512 GB | D103: 1 TB + | F103: RAM \ storage | G103: ≤ 256 GB | H103: 512 GB | I103: 1 TB +
A104: ≤ 8 GB | B104: =IF(G104=0,"–",AVERAGEIFS(Clean!$G$2:$G$101,Clean!$R$2:$R$101,$A104,Clean!$U$2:$U$101,B$103,Clean!$AF$2:$AF$101,1)) -> 117.9469 | C104: =IF(H104=0,"–",AVERAGEIFS(Clean!$G$2:$G$101,Clean!$R$2:$R$101,$A104,Clean!$U$2:$U$101,C$103,Clean!$AF$2:$AF$101,1)) -> 152.34889 | D104: =IF(I104=0,"–",AVERAGEIFS(Clean!$G$2:$G$101,Clean!$R$2:$R$101,$A104,Clean!$U$2:$U$101,D$103,Clean!$AF$2:$AF$101,1)) -> 121 | F104: ≤ 8 GB | G104: =COUNTIFS(Clean!$R$2:$R$101,$A104,Clean!$U$2:$U$101,B$103,Clean!$AF$2:$AF$101,1) -> 10 | H104: =COUNTIFS(Clean!$R$2:$R$101,$A104,Clean!$U$2:$U$101,C$103,Clean!$AF$2:$AF$101,1) -> 19 | I104: =COUNTIFS(Clean!$R$2:$R$101,$A104,Clean!$U$2:$U$101,D$103,Clean!$AF$2:$AF$101,1) -> 1
A105: 12–16 GB | B105: =IF(G105=0,"–",AVERAGEIFS(Clean!$G$2:$G$101,Clean!$R$2:$R$101,$A105,Clean!$U$2:$U$101,B$103,Clean!$AF$2:$AF$101,1)) -> 131.4 | C105: =IF(H105=0,"–",AVERAGEIFS(Clean!$G$2:$G$101,Clean!$R$2:$R$101,$A105,Clean!$U$2:$U$101,C$103,Clean!$AF$2:$AF$101,1)) -> 241.09971 | D105: =IF(I105=0,"–",AVERAGEIFS(Clean!$G$2:$G$101,Clean!$R$2:$R$101,$A105,Clean!$U$2:$U$101,D$103,Clean!$AF$2:$AF$101,1)) -> 312.46842 | F105: 12–16 GB | G105: =COUNTIFS(Clean!$R$2:$R$101,$A105,Clean!$U$2:$U$101,B$103,Clean!$AF$2:$AF$101,1) -> 2 | H105: =COUNTIFS(Clean!$R$2:$R$101,$A105,Clean!$U$2:$U$101,C$103,Clean!$AF$2:$AF$101,1) -> 35 | I105: =COUNTIFS(Clean!$R$2:$R$101,$A105,Clean!$U$2:$U$101,D$103,Clean!$AF$2:$AF$101,1) -> 19
A106: 20 GB + | B106: =IF(G106=0,"–",AVERAGEIFS(Clean!$G$2:$G$101,Clean!$R$2:$R$101,$A106,Clean!$U$2:$U$101,B$103,Clean!$AF$2:$AF$101,1)) -> – | C106: =IF(H106=0,"–",AVERAGEIFS(Clean!$G$2:$G$101,Clean!$R$2:$R$101,$A106,Clean!$U$2:$U$101,C$103,Clean!$AF$2:$AF$101,1)) -> 287.06667 | D106: =IF(I106=0,"–",AVERAGEIFS(Clean!$G$2:$G$101,Clean!$R$2:$R$101,$A106,Clean!$U$2:$U$101,D$103,Clean!$AF$2:$AF$101,1)) -> 404.625 | F106: 20 GB + | G106: =COUNTIFS(Clean!$R$2:$R$101,$A106,Clean!$U$2:$U$101,B$103,Clean!$AF$2:$AF$101,1) -> 0 | H106: =COUNTIFS(Clean!$R$2:$R$101,$A106,Clean!$U$2:$U$101,C$103,Clean!$AF$2:$AF$101,1) -> 3 | I106: =COUNTIFS(Clean!$R$2:$R$101,$A106,Clean!$U$2:$U$101,D$103,Clean!$AF$2:$AF$101,1) -> 8
A109: I. Scatter data - selected laptops only (extra rows repeat the last selected point so nothing is drawn twice)
A110: # | B110: weight kg (dedicated) | C110: price M (dedicated) | D110: weight kg (integrated) | E110: price M (integrated) | F110: price M (rating plot) | G110: rating
A111: n | B111: =SUM(Clean!$AM$2:$AM$101) -> 33 | D111: =SUM(Clean!$AO$2:$AO$101) -> 60 | F111: =SUM(Clean!$AQ$2:$AQ$101) -> 99
A112: 1 | B112: =IF($B$111=0,0,INDEX(Clean!$W$2:$W$101,MATCH(MIN($A112,$B$111),Clean!$AN$2:$AN$101,0))) -> 1.98 | C112: =IF($B$111=0,0,INDEX(Clean!$G$2:$G$101,MATCH(MIN($A112,$B$111),Clean!$AN$2:$AN$101,0))) -> 272 | D112: =IF($D$111=0,0,INDEX(Clean!$W$2:$W$101,MATCH(MIN($A112,$D$111),Clean!$AP$2:$AP$101,0))) -> 1.6 | E112: =IF($D$111=0,0,INDEX(Clean!$G$2:$G$101,MATCH(MIN($A112,$D$111),Clean!$AP$2:$AP$101,0))) -> 125.499 | F112: =IF($F$111=0,0,INDEX(Clean!$G$2:$G$101,MATCH(MIN($A112,$F$111),Clean!$AR$2:$AR$101,0))) -> 125.499 | G112: =IF($F$111=0,0,INDEX(Clean!$K$2:$K$101,MATCH(MIN($A112,$F$111),Clean!$AR$2:$AR$101,0))) -> 4.2
A113: 2 | B113: =IF($B$111=0,0,INDEX(Clean!$W$2:$W$101,MATCH(MIN($A113,$B$111),Clean!$AN$2:$AN$101,0))) -> 2.29 | C113: =IF($B$111=0,0,INDEX(Clean!$G$2:$G$101,MATCH(MIN($A113,$B$111),Clean!$AN$2:$AN$101,0))) -> 275 | D113: =IF($D$111=0,0,INDEX(Clean!$W$2:$W$101,MATCH(MIN($A113,$D$111),Clean!$AP$2:$AP$101,0))) -> 1.3 | E113: =IF($D$111=0,0,INDEX(Clean!$G$2:$G$101,MATCH(MIN($A113,$D$111),Clean!$AP$2:$AP$101,0))) -> 65.5 | F113: =IF($F$111=0,0,INDEX(Clean!$G$2:$G$101,MATCH(MIN($A113,$F$111),Clean!$AR$2:$AR$101,0))) -> 272 | G113: =IF($F$111=0,0,INDEX(Clean!$K$2:$K$101,MATCH(MIN($A113,$F$111),Clean!$AR$2:$AR$101,0))) -> 5
A114: 3 | B114: =IF($B$111=0,0,INDEX(Clean!$W$2:$W$101,MATCH(MIN($A114,$B$111),Clean!$AN$2:$AN$101,0))) -> 2.2 | C114: =IF($B$111=0,0,INDEX(Clean!$G$2:$G$101,MATCH(MIN($A114,$B$111),Clean!$AN$2:$AN$101,0))) -> 242 | D114: =IF($D$111=0,0,INDEX(Clean!$W$2:$W$101,MATCH(MIN($A114,$D$111),Clean!$AP$2:$AP$101,0))) -> 1.55 | E114: =IF($D$111=0,0,INDEX(Clean!$G$2:$G$101,MATCH(MIN($A114,$D$111),Clean!$AP$2:$AP$101,0))) -> 94.5 | F114: =IF($F$111=0,0,INDEX(Clean!$G$2:$G$101,MATCH(MIN($A114,$F$111),Clean!$AR$2:$AR$101,0))) -> 185 | G114: =IF($F$111=0,0,INDEX(Clean!$K$2:$K$101,MATCH(MIN($A114,$F$111),Clean!$AR$2:$AR$101,0))) -> 3.8
A115: 4 | B115: =IF($B$111=0,0,INDEX(Clean!$W$2:$W$101,MATCH(MIN($A115,$B$111),Clean!$AN$2:$AN$101,0))) -> 2.2 | C115: =IF($B$111=0,0,INDEX(Clean!$G$2:$G$101,MATCH(MIN($A115,$B$111),Clean!$AN$2:$AN$101,0))) -> 229 | D115: =IF($D$111=0,0,INDEX(Clean!$W$2:$W$101,MATCH(MIN($A115,$D$111),Clean!$AP$2:$AP$101,0))) -> 1.7 | E115: =IF($D$111=0,0,INDEX(Clean!$G$2:$G$101,MATCH(MIN($A115,$D$111),Clean!$AP$2:$AP$101,0))) -> 196.6 | F115: =IF($F$111=0,0,INDEX(Clean!$G$2:$G$101,MATCH(MIN($A115,$F$111),Clean!$AR$2:$AR$101,0))) -> 65.5 | G115: =IF($F$111=0,0,INDEX(Clean!$K$2:$K$101,MATCH(MIN($A115,$F$111),Clean!$AR$2:$AR$101,0))) -> 4
A116: 5 | B116: =IF($B$111=0,0,INDEX(Clean!$W$2:$W$101,MATCH(MIN($A116,$B$111),Clean!$AN$2:$AN$101,0))) -> 2.4 | C116: =IF($B$111=0,0,INDEX(Clean!$G$2:$G$101,MATCH(MIN($A116,$B$111),Clean!$AN$2:$AN$101,0))) -> 400 | D116: =IF($D$111=0,0,INDEX(Clean!$W$2:$W$101,MATCH(MIN($A116,$D$111),Clean!$AP$2:$AP$101,0))) -> 1.6 | E116: =IF($D$111=0,0,INDEX(Clean!$G$2:$G$101,MATCH(MIN($A116,$D$111),Clean!$AP$2:$AP$101,0))) -> 178 | F116: =IF($F$111=0,0,INDEX(Clean!$G$2:$G$101,MATCH(MIN($A116,$F$111),Clean!$AR$2:$AR$101,0))) -> 275 | G116: =IF($F$111=0,0,INDEX(Clean!$K$2:$K$101,MATCH(MIN($A116,$F$111),Clean!$AR$2:$AR$101,0))) -> 4.2
A117: 6 | B117: =IF($B$111=0,0,INDEX(Clean!$W$2:$W$101,MATCH(MIN($A117,$B$111),Clean!$AN$2:$AN$101,0))) -> 2.4 | C117: =IF($B$111=0,0,INDEX(Clean!$G$2:$G$101,MATCH(MIN($A117,$B$111),Clean!$AN$2:$AN$101,0))) -> 308 | D117: =IF($D$111=0,0,INDEX(Clean!$W$2:$W$101,MATCH(MIN($A117,$D$111),Clean!$AP$2:$AP$101,0))) -> 1.7 | E117: =IF($D$111=0,0,INDEX(Clean!$G$2:$G$101,MATCH(MIN($A117,$D$111),Clean!$AP$2:$AP$101,0))) -> 199.3 | F117: =IF($F$111=0,0,INDEX(Clean!$G$2:$G$101,MATCH(MIN($A117,$F$111),Clean!$AR$2:$AR$101,0))) -> 242 | G117: =IF($F$111=0,0,INDEX(Clean!$K$2:$K$101,MATCH(MIN($A117,$F$111),Clean!$AR$2:$AR$101,0))) -> 4.4
A118: 7 | B118: =IF($B$111=0,0,INDEX(Clean!$W$2:$W$101,MATCH(MIN($A118,$B$111),Clean!$AN$2:$AN$101,0))) -> 2.4 | C118: =IF($B$111=0,0,INDEX(Clean!$G$2:$G$101,MATCH(MIN($A118,$B$111),Clean!$AN$2:$AN$101,0))) -> 346 | D118: =IF($D$111=0,0,INDEX(Clean!$W$2:$W$101,MATCH(MIN($A118,$D$111),Clean!$AP$2:$AP$101,0))) -> 1.7 | E118: =IF($D$111=0,0,INDEX(Clean!$G$2:$G$101,MATCH(MIN($A118,$D$111),Clean!$AP$2:$AP$101,0))) -> 225.5 | F118: =IF($F$111=0,0,INDEX(Clean!$G$2:$G$101,MATCH(MIN($A118,$F$111),Clean!$AR$2:$AR$101,0))) -> 220.2 | G118: =IF($F$111=0,0,INDEX(Clean!$K$2:$K$101,MATCH(MIN($A118,$F$111),Clean!$AR$2:$AR$101,0))) -> 3.2
...

Sheet Clean
A1: id | B1: name | C1: brand_raw | D1: brand | E1: status | F1: price (Toman) | G1: price (M Toman) | H1: old_price (Toman) | I1: discount % | J1: has_discount | K1: rating | L1: rating_count | M1: weighted rating (Bayesian) | N1: cpu | O1: cpu_maker | P1: cpu_family | Q1: ram_gb | R1: ram_class | S1: storage_part | T1: storage_gb | U1: storage_class | V1: screen_in | W1: weight_kg | X1: gpu | Y1: gpu_brand | Z1: gpu_type | AA1: gpu_model | AB1: price_tier | AC1: M Toman per GB RAM | AD1: is_laptop (name contains لپ تاپ) | AE1: in_filter | AF1: in_priced | AG1: in_rated | AH1: price_f (selected) | AI1: brand_seq | AJ1: family_seq | AK1: bayes_key | AL1: disc_key | AM1: sc_ded | AN1: cum_ded | AO1: sc_int | AP1: cum_int | AQ1: sc_rate | AR1: cum_rate | AS1: rx (price if scatter) | AT1: ry (rating if scatter) | AU1: data issues found
A2: =Raw!A2 -> 60492 | B2: =Raw!B2 -> لپ تاپ لنوو 15.6 اینچی مدل IdeaPad Slim 3 i3 1315U 8GB 512GB | C2: =LOWER(TRIM(Raw!C2)) -> lenovo | D2: =IFERROR(INDEX(Params!$B$5:$B$13,MATCH(C2,Params!$A$5:$A$13,0)),PROPER(C2)) -> Lenovo | E2: =IF(Raw!F2,"Available","Out of stock") -> Available | F2: =IF(Raw!D2="","",Raw!D2) -> 125499000 | G2: =IF(ISNUMBER(F2),F2/1000000,"") -> 125.499 | H2: =IF(Raw!E2="","",Raw!E2) -> 126000000 | I2: =IF(AND(ISNUMBER(H2),ISNUMBER(F2)),IF(H2>F2,(H2-F2)/H2,0),0) -> 0.0039761905 | J2: =IF(I2>0,1,0) -> 1 | K2: =Raw!G2 -> 4.2 | L2: =Raw!H2 -> 45 | M2: =IF(L2>0,(L2*K2+p_m*p_c)/(L2+p_m),"") -> 4.25 | N2: =IF(Raw!I2="","",TRIM(Raw!I2)) -> Core i3 1315U | O2: =IF(N2="","Unknown",IF(LEFT(N2,5)="Apple","Apple",IF(LEFT(N2,5)="Ryzen","AMD","Intel"))) -> Intel | P2: =IF(N2="","Unknown",IF(LEFT(N2,5)="Apple","Apple Silicon",IF(LEFT(N2,8)="Ryzen AI","Ryzen AI",TRIM(LEFT(N2,7))))) -> Core i3 | Q2: =IFERROR(VALUE(LEFT(Raw!J2,FIND(" ",Raw!J2)-1)),"") -> 8 | R2: =IF(NOT(ISNUMBER(Q2)),"Unknown",IF(Q2<=8,"≤ 8 GB",IF(Q2<=16,"12–16 GB","20 GB +"))) -> ≤ 8 GB | S2: =IF(Raw!K2="","",IF(ISNUMBER(FIND(" و ",Raw!K2)),TRIM(MID(Raw!K2,FIND(" و ",Raw!K2)+3,100)),TRIM(Raw!K2))) -> 512 گیگابایت | T2: =IF(S2="","",IFERROR(IFERROR(VALUE(LEFT(S2,FIND(" ",S2)-1)),VALUE(LEFT(S2,LEN(S2)-2)))*IF(OR(ISNUMBER(SEARCH("ترابایت",S2)),ISNUMBER(SEARCH("TB",S2))),1024,1),"")) -> 512 | U2: =IF(NOT(ISNUMBER(T2)),"Unknown",IF(T2<=256,"≤ 256 GB",IF(T2<=512,"512 GB","1 TB +"))) -> 512 GB | V2: =IFERROR(VALUE(SUBSTITUTE(LEFT(Raw!L2,FIND(" ",Raw!L2)-1),".",MID(1/2,2,1))),"") -> 15.6 | W2: =IFERROR(VALUE(SUBSTITUTE(LEFT(Raw!N2,FIND(" ",Raw!N2)-1),".",MID(1/2,2,1))),"") -> 1.6 | X2: =IF(Raw!M2="","",TRIM(Raw!M2)) -> Intel UHD Graphics | Y2: =IF(X2="","Unknown",IF(ISNUMBER(SEARCH("nvidia",X2)),"NVIDIA",IF(ISNUMBER(SEARCH("amd",X2)),"AMD",IF(ISNUMBER(SEARCH("apple",X2)),"Apple",IF(ISNUMBER(SEARCH("intel",X2)),"Intel","Other"))))) -> Intel | Z2: =IF(X2="","Unknown",IF(ISNUMBER(SEARCH("RTX",X2))+ISNUMBER(SEARCH("GTX",X2))+ISNUMBER(SEARCH("nvidia",X2))+ISNUMBER(SEARCH("Radeon RX",X2))>0,"Dedicated","Integrated")) -> Integrated | AA2: =IF(ISNUMBER(SEARCH("RTX",X2)),TRIM(MID(X2,SEARCH("RTX",X2),8)),IF(X2="","Unknown",IF(Z2="Dedicated","Dedicated (model n/a)","Integrated"))) -> Integrated | AB2: =IF(ISNUMBER(G2),INDEX(Params!$E$5:$E$9,MATCH(G2,Params!$D$5:$D$9,1)),"Unknown") -> 100–200 M | AC2: =IF(AND(ISNUMBER(G2),ISNUMBER(Q2)),IF(Q2>0,G2/Q2,""),"") -> 15.687375 | AD2: =IF(OR(p_excl=0,ISNUMBER(SEARCH("لپ",B2))),1,0) -> 1 | AE2: =IF(AND(AD2=1,OR(fBrand="All",D2=fBrand),OR(fCPU="All",O2=fCPU),OR(fGPU="All",Z2=fGPU),OR(fTier="All",AB2=fTier),OR(fRAM="All",R2=fRAM)),1,0) -> 1 | AF2: =IF(AND(AE2=1,ISNUMBER(G2)),1,0) -> 1 | AG2: =IF(AND(AE2=1,L2>0),1,0) -> 1 | AH2: =IF(AF2=1,G2,"") -> 125.499 | AI2: =IF(COUNTIF($D$2:D2,D2)=1,MAX($AI$1:AI1)+1,"") -> 1 | AJ2: =IF(COUNTIF($P$2:P2,P2)=1,MAX($AJ$1:AJ1)+1,"") -> 1 | AK2: =IF(AG2=1,M2+ROW()/1000000000,"") -> 4.25 | AL2: =IF(AND(AE2=1,I2>0),I2+ROW()/1000000000,"") -> 0.0039761925 | AM2: =IF(AND(AF2=1,ISNUMBER(W2),Z2="Dedicated"),1,0) -> 0 | AN2: =SUM($AM$2:AM2) -> 0 | AO2: =IF(AND(AF2=1,ISNUMBER(W2),Z2<>"Dedicated"),1,0) -> 1 | AP2: =SUM($AO$2:AO2) -> 1 | AQ2: =IF(AND(AF2=1,AG2=1),1,0) -> 1 | AR2: =SUM($AQ$2:AQ2) -> 1 | AS2: =IF(AQ2=1,G2,0) -> 125.499 | AT2: =IF(AQ2=1,K2,0) -> 4.2 | AU2: =TRIM(IF(Raw!N2="","weight missing; ","")&IF(Raw!K2="","storage missing; ","")&IF(ISNUMBER(FIND(" و ",Raw!K2)),"dual storage - SSD part used; ","")&IF(ISNUMBER(SEARCH("TB",Raw!K2)),"storage written as TB; ","")&IF(Raw!I2="","cpu missing; ","")&IF(Raw!M2="","gpu missing; ","")&IF(Raw!J2="","ram missing; ","")&IF(Raw!L2="","screen missing; ",""))
A3: =Raw!A3 -> 511107 | B3: =Raw!B3 -> لپ تاپ ام اس آی 15.6 اینچی مدل Cyborg 15 A13UC i7 13620H 16GB 1TB RTX 3050 | C3: =LOWER(TRIM(Raw!C3)) -> msi | D3: =IFERROR(INDEX(Params!$B$5:$B$13,MATCH(C3,Params!$A$5:$A$13,0)),PROPER(C3)) -> MSI | E3: =IF(Raw!F3,"Available","Out of stock") -> Available | F3: =IF(Raw!D3="","",Raw!D3) -> 272000000 | G3: =IF(ISNUMBER(F3),F3/1000000,"") -> 272 | H3: =IF(Raw!E3="","",Raw!E3) | I3: =IF(AND(ISNUMBER(H3),ISNUMBER(F3)),IF(H3>F3,(H3-F3)/H3,0),0) -> 0 | J3: =IF(I3>0,1,0) -> 0 | K3: =Raw!G3 -> 5 | L3: =Raw!H3 -> 2 | M3: =IF(L3>0,(L3*K3+p_m*p_c)/(L3+p_m),"") -> 4.5625 | N3: =IF(Raw!I3="","",TRIM(Raw!I3)) -> Core i7 13620H | O3: =IF(N3="","Unknown",IF(LEFT(N3,5)="Apple","Apple",IF(LEFT(N3,5)="Ryzen","AMD","Intel"))) -> Intel | P3: =IF(N3="","Unknown",IF(LEFT(N3,5)="Apple","Apple Silicon",IF(LEFT(N3,8)="Ryzen AI","Ryzen AI",TRIM(LEFT(N3,7))))) -> Core i7 | Q3: =IFERROR(VALUE(LEFT(Raw!J3,FIND(" ",Raw!J3)-1)),"") -> 16 | R3: =IF(NOT(ISNUMBER(Q3)),"Unknown",IF(Q3<=8,"≤ 8 GB",IF(Q3<=16,"12–16 GB","20 GB +"))) -> 12–16 GB | S3: =IF(Raw!K3="","",IF(ISNUMBER(FIND(" و ",Raw!K3)),TRIM(MID(Raw!K3,FIND(" و ",Raw!K3)+3,100)),TRIM(Raw!K3))) -> 1 ترابایت | T3: =IF(S3="","",IFERROR(IFERROR(VALUE(LEFT(S3,FIND(" ",S3)-1)),VALUE(LEFT(S3,LEN(S3)-2)))*IF(OR(ISNUMBER(SEARCH("ترابایت",S3)),ISNUMBER(SEARCH("TB",S3))),1024,1),"")) -> 1024 | U3: =IF(NOT(ISNUMBER(T3)),"Unknown",IF(T3<=256,"≤ 256 GB",IF(T3<=512,"512 GB","1 TB +"))) -> 1 TB + | V3: =IFERROR(VALUE(SUBSTITUTE(LEFT(Raw!L3,FIND(" ",Raw!L3)-1),".",MID(1/2,2,1))),"") -> 15.6 | W3: =IFERROR(VALUE(SUBSTITUTE(LEFT(Raw!N3,FIND(" ",Raw!N3)-1),".",MID(1/2,2,1))),"") -> 1.98 | X3: =IF(Raw!M3="","",TRIM(Raw!M3)) -> NVIDIA GeForce RTX 3050 | Y3: =IF(X3="","Unknown",IF(ISNUMBER(SEARCH("nvidia",X3)),"NVIDIA",IF(ISNUMBER(SEARCH("amd",X3)),"AMD",IF(ISNUMBER(SEARCH("apple",X3)),"Apple",IF(ISNUMBER(SEARCH("intel",X3)),"Intel","Other"))))) -> NVIDIA | Z3: =IF(X3="","Unknown",IF(ISNUMBER(SEARCH("RTX",X3))+ISNUMBER(SEARCH("GTX",X3))+ISNUMBER(SEARCH("nvidia",X3))+ISNUMBER(SEARCH("Radeon RX",X3))>0,"Dedicated","Integrated")) -> Dedicated | AA3: =IF(ISNUMBER(SEARCH("RTX",X3)),TRIM(MID(X3,SEARCH("RTX",X3),8)),IF(X3="","Unknown",IF(Z3="Dedicated","Dedicated (model n/a)","Integrated"))) -> RTX 3050 | AB3: =IF(ISNUMBER(G3),INDEX(Params!$E$5:$E$9,MATCH(G3,Params!$D$5:$D$9,1)),"Unknown") -> 200–300 M | AC3: =IF(AND(ISNUMBER(G3),ISNUMBER(Q3)),IF(Q3>0,G3/Q3,""),"") -> 17 | AD3: =IF(OR(p_excl=0,ISNUMBER(SEARCH("لپ",B3))),1,0) -> 1 | AE3: =IF(AND(AD3=1,OR(fBrand="All",D3=fBrand),OR(fCPU="All",O3=fCPU),OR(fGPU="All",Z3=fGPU),OR(fTier="All",AB3=fTier),OR(fRAM="All",R3=fRAM)),1,0) -> 1 | AF3: =IF(AND(AE3=1,ISNUMBER(G3)),1,0) -> 1 | AG3: =IF(AND(AE3=1,L3>0),1,0) -> 1 | AH3: =IF(AF3=1,G3,"") -> 272 | AI3: =IF(COUNTIF($D$2:D3,D3)=1,MAX($AI$1:AI2)+1,"") -> 2 | AJ3: =IF(COUNTIF($P$2:P3,P3)=1,MAX($AJ$1:AJ2)+1,"") -> 2 | AK3: =IF(AG3=1,M3+ROW()/1000000000,"") -> 4.5625 | AL3: =IF(AND(AE3=1,I3>0),I3+ROW()/1000000000,"") | AM3: =IF(AND(AF3=1,ISNUMBER(W3),Z3="Dedicated"),1,0) -> 1 | AN3: =SUM($AM$2:AM3) -> 1 | AO3: =IF(AND(AF3=1,ISNUMBER(W3),Z3<>"Dedicated"),1,0) -> 0 | AP3: =SUM($AO$2:AO3) -> 1 | AQ3: =IF(AND(AF3=1,AG3=1),1,0) -> 1 | AR3: =SUM($AQ$2:AQ3) -> 2 | AS3: =IF(AQ3=1,G3,0) -> 272 | AT3: =IF(AQ3=1,K3,0) -> 5 | AU3: =TRIM(IF(Raw!N3="","weight missing; ","")&IF(Raw!K3="","storage missing; ","")&IF(ISNUMBER(FIND(" و ",Raw!K3)),"dual storage - SSD part used; ","")&IF(ISNUMBER(SEARCH("TB",Raw!K3)),"storage written as TB; ","")&IF(Raw!I3="","cpu missing; ","")&IF(Raw!M3="","gpu missing; ","")&IF(Raw!J3="","ram missing; ","")&IF(Raw!L3="","screen missing; ",""))
A4: =Raw!A4 -> 133524 | B4: =Raw!B4 -> لپ تاپ لنوو 15.3 اینچی مدل IdeaPad Slim 3 i5 13420H 16GB 512GB | C4: =LOWER(TRIM(Raw!C4)) -> lenovo | D4: =IFERROR(INDEX(Params!$B$5:$B$13,MATCH(C4,Params!$A$5:$A$13,0)),PROPER(C4)) -> Lenovo | E4: =IF(Raw!F4,"Available","Out of stock") -> Available | F4: =IF(Raw!D4="","",Raw!D4) -> 185000000 | G4: =IF(ISNUMBER(F4),F4/1000000,"") -> 185 | H4: =IF(Raw!E4="","",Raw!E4) | I4: =IF(AND(ISNUMBER(H4),ISNUMBER(F4)),IF(H4>F4,(H4-F4)/H4,0),0) -> 0 | J4: =IF(I4>0,1,0) -> 0 | K4: =Raw!G4 -> 3.8 | L4: =Raw!H4 -> 36 | M4: =IF(L4>0,(L4*K4+p_m*p_c)/(L4+p_m),"") -> 3.9467391 | N4: =IF(Raw!I4="","",TRIM(Raw!I4)) -> Core i5 13420H | O4: =IF(N4="","Unknown",IF(LEFT(N4,5)="Apple","Apple",IF(LEFT(N4,5)="Ryzen","AMD","Intel"))) -> Intel | P4: =IF(N4="","Unknown",IF(LEFT(N4,5)="Apple","Apple Silicon",IF(LEFT(N4,8)="Ryzen AI","Ryzen AI",TRIM(LEFT(N4,7))))) -> Core i5 | Q4: =IFERROR(VALUE(LEFT(Raw!J4,FIND(" ",Raw!J4)-1)),"") -> 16 | R4: =IF(NOT(ISNUMBER(Q4)),"Unknown",IF(Q4<=8,"≤ 8 GB",IF(Q4<=16,"12–16 GB","20 GB +"))) -> 12–16 GB | S4: =IF(Raw!K4="","",IF(ISNUMBER(FIND(" و ",Raw!K4)),TRIM(MID(Raw!K4,FIND(" و ",Raw!K4)+3,100)),TRIM(Raw!K4))) -> 512 گیگابایت | T4: =IF(S4="","",IFERROR(IFERROR(VALUE(LEFT(S4,FIND(" ",S4)-1)),VALUE(LEFT(S4,LEN(S4)-2)))*IF(OR(ISNUMBER(SEARCH("ترابایت",S4)),ISNUMBER(SEARCH("TB",S4))),1024,1),"")) -> 512 | U4: =IF(NOT(ISNUMBER(T4)),"Unknown",IF(T4<=256,"≤ 256 GB",IF(T4<=512,"512 GB","1 TB +"))) -> 512 GB | V4: =IFERROR(VALUE(SUBSTITUTE(LEFT(Raw!L4,FIND(" ",Raw!L4)-1),".",MID(1/2,2,1))),"") -> 15.3 | W4: =IFERROR(VALUE(SUBSTITUTE(LEFT(Raw!N4,FIND(" ",Raw!N4)-1),".",MID(1/2,2,1))),"") | X4: =IF(Raw!M4="","",TRIM(Raw!M4)) -> Intel UHD Graphics | Y4: =IF(X4="","Unknown",IF(ISNUMBER(SEARCH("nvidia",X4)),"NVIDIA",IF(ISNUMBER(SEARCH("amd",X4)),"AMD",IF(ISNUMBER(SEARCH("apple",X4)),"Apple",IF(ISNUMBER(SEARCH("intel",X4)),"Intel","Other"))))) -> Intel | Z4: =IF(X4="","Unknown",IF(ISNUMBER(SEARCH("RTX",X4))+ISNUMBER(SEARCH("GTX",X4))+ISNUMBER(SEARCH("nvidia",X4))+ISNUMBER(SEARCH("Radeon RX",X4))>0,"Dedicated","Integrated")) -> Integrated | AA4: =IF(ISNUMBER(SEARCH("RTX",X4)),TRIM(MID(X4,SEARCH("RTX",X4),8)),IF(X4="","Unknown",IF(Z4="Dedicated","Dedicated (model n/a)","Integrated"))) -> Integrated | AB4: =IF(ISNUMBER(G4),INDEX(Params!$E$5:$E$9,MATCH(G4,Params!$D$5:$D$9,1)),"Unknown") -> 100–200 M | AC4: =IF(AND(ISNUMBER(G4),ISNUMBER(Q4)),IF(Q4>0,G4/Q4,""),"") -> 11.5625 | AD4: =IF(OR(p_excl=0,ISNUMBER(SEARCH("لپ",B4))),1,0) -> 1 | AE4: =IF(AND(AD4=1,OR(fBrand="All",D4=fBrand),OR(fCPU="All",O4=fCPU),OR(fGPU="All",Z4=fGPU),OR(fTier="All",AB4=fTier),OR(fRAM="All",R4=fRAM)),1,0) -> 1 | AF4: =IF(AND(AE4=1,ISNUMBER(G4)),1,0) -> 1 | AG4: =IF(AND(AE4=1,L4>0),1,0) -> 1 | AH4: =IF(AF4=1,G4,"") -> 185 | AI4: =IF(COUNTIF($D$2:D4,D4)=1,MAX($AI$1:AI3)+1,"") | AJ4: =IF(COUNTIF($P$2:P4,P4)=1,MAX($AJ$1:AJ3)+1,"") -> 3 | AK4: =IF(AG4=1,M4+ROW()/1000000000,"") -> 3.9467391 | AL4: =IF(AND(AE4=1,I4>0),I4+ROW()/1000000000,"") | AM4: =IF(AND(AF4=1,ISNUMBER(W4),Z4="Dedicated"),1,0) -> 0 | AN4: =SUM($AM$2:AM4) -> 1 | AO4: =IF(AND(AF4=1,ISNUMBER(W4),Z4<>"Dedicated"),1,0) -> 0 | AP4: =SUM($AO$2:AO4) -> 1 | AQ4: =IF(AND(AF4=1,AG4=1),1,0) -> 1 | AR4: =SUM($AQ$2:AQ4) -> 3 | AS4: =IF(AQ4=1,G4,0) -> 185 | AT4: =IF(AQ4=1,K4,0) -> 3.8 | AU4: =TRIM(IF(Raw!N4="","weight missing; ","")&IF(Raw!K4="","storage missing; ","")&IF(ISNUMBER(FIND(" و ",Raw!K4)),"dual storage - SSD part used; ","")&IF(ISNUMBER(SEARCH("TB",Raw!K4)),"storage written as TB; ","")&IF(Raw!I4="","cpu missing; ","")&IF(Raw!M4="","gpu missing; ","")&IF(Raw!J4="","ram missing; ","")&IF(Raw!L4="","screen missing; ","")) -> weight missing;
A5: =Raw!A5 -> 61555 | B5: =Raw!B5 -> لپ تاپ ایسوس 14 اینچی مدل Vivobook E410KA Celeron N4500 4GB 256GB 64GB | C5: =LOWER(TRIM(Raw!C5)) -> asus | D5: =IFERROR(INDEX(Params!$B$5:$B$13,MATCH(C5,Params!$A$5:$A$13,0)),PROPER(C5)) -> ASUS | E5: =IF(Raw!F5,"Available","Out of stock") -> Available | F5: =IF(Raw!D5="","",Raw!D5) -> 65500000 | G5: =IF(ISNUMBER(F5),F5/1000000,"") -> 65.5 | H5: =IF(Raw!E5="","",Raw!E5) | I5: =IF(AND(ISNUMBER(H5),ISNUMBER(F5)),IF(H5>F5,(H5-F5)/H5,0),0) -> 0 | J5: =IF(I5>0,1,0) -> 0 | K5: =Raw!G5 -> 4 | L5: =Raw!H5 -> 24 | M5: =IF(L5>0,(L5*K5+p_m*p_c)/(L5+p_m),"") -> 4.1397059 | N5: =IF(Raw!I5="","",TRIM(Raw!I5)) -> Celeron N4500 | O5: =IF(N5="","Unknown",IF(LEFT(N5,5)="Apple","Apple",IF(LEFT(N5,5)="Ryzen","AMD","Intel"))) -> Intel | P5: =IF(N5="","Unknown",IF(LEFT(N5,5)="Apple","Apple Silicon",IF(LEFT(N5,8)="Ryzen AI","Ryzen AI",TRIM(LEFT(N5,7))))) -> Celeron | Q5: =IFERROR(VALUE(LEFT(Raw!J5,FIND(" ",Raw!J5)-1)),"") -> 4 | R5: =IF(NOT(ISNUMBER(Q5)),"Unknown",IF(Q5<=8,"≤ 8 GB",IF(Q5<=16,"12–16 GB","20 GB +"))) -> ≤ 8 GB | S5: =IF(Raw!K5="","",IF(ISNUMBER(FIND(" و ",Raw!K5)),TRIM(MID(Raw!K5,FIND(" و ",Raw!K5)+3,100)),TRIM(Raw!K5))) -> 256 گیگابایت حافظه SSD | T5: =IF(S5="","",IFERROR(IFERROR(VALUE(LEFT(S5,FIND(" ",S5)-1)),VALUE(LEFT(S5,LEN(S5)-2)))*IF(OR(ISNUMBER(SEARCH("ترابایت",S5)),ISNUMBER(SEARCH("TB",S5))),1024,1),"")) -> 256 | U5: =IF(NOT(ISNUMBER(T5)),"Unknown",IF(T5<=256,"≤ 256 GB",IF(T5<=512,"512 GB","1 TB +"))) -> ≤ 256 GB | V5: =IFERROR(VALUE(SUBSTITUTE(LEFT(Raw!L5,FIND(" ",Raw!L5)-1),".",MID(1/2,2,1))),"") -> 14 | W5: =IFERROR(VALUE(SUBSTITUTE(LEFT(Raw!N5,FIND(" ",Raw!N5)-1),".",MID(1/2,2,1))),"") -> 1.3 | X5: =IF(Raw!M5="","",TRIM(Raw!M5)) -> Intel UHD Graphics | Y5: =IF(X5="","Unknown",IF(ISNUMBER(SEARCH("nvidia",X5)),"NVIDIA",IF(ISNUMBER(SEARCH("amd",X5)),"AMD",IF(ISNUMBER(SEARCH("apple",X5)),"Apple",IF(ISNUMBER(SEARCH("intel",X5)),"Intel","Other"))))) -> Intel | Z5: =IF(X5="","Unknown",IF(ISNUMBER(SEARCH("RTX",X5))+ISNUMBER(SEARCH("GTX",X5))+ISNUMBER(SEARCH("nvidia",X5))+ISNUMBER(SEARCH("Radeon RX",X5))>0,"Dedicated","Integrated")) -> Integrated | AA5: =IF(ISNUMBER(SEARCH("RTX",X5)),TRIM(MID(X5,SEARCH("RTX",X5),8)),IF(X5="","Unknown",IF(Z5="Dedicated","Dedicated (model n/a)","Integrated"))) -> Integrated | AB5: =IF(ISNUMBER(G5),INDEX(Params!$E$5:$E$9,MATCH(G5,Params!$D$5:$D$9,1)),"Unknown") -> < 100 M | AC5: =IF(AND(ISNUMBER(G5),ISNUMBER(Q5)),IF(Q5>0,G5/Q5,""),"") -> 16.375 | AD5: =IF(OR(p_excl=0,ISNUMBER(SEARCH("لپ",B5))),1,0) -> 1 | AE5: =IF(AND(AD5=1,OR(fBrand="All",D5=fBrand),OR(fCPU="All",O5=fCPU),OR(fGPU="All",Z5=fGPU),OR(fTier="All",AB5=fTier),OR(fRAM="All",R5=fRAM)),1,0) -> 1 | AF5: =IF(AND(AE5=1,ISNUMBER(G5)),1,0) -> 1 | AG5: =IF(AND(AE5=1,L5>0),1,0) -> 1 | AH5: =IF(AF5=1,G5,"") -> 65.5 | AI5: =IF(COUNTIF($D$2:D5,D5)=1,MAX($AI$1:AI4)+1,"") -> 3 | AJ5: =IF(COUNTIF($P$2:P5,P5)=1,MAX($AJ$1:AJ4)+1,"") -> 4 | AK5: =IF(AG5=1,M5+ROW()/1000000000,"") -> 4.1397059 | AL5: =IF(AND(AE5=1,I5>0),I5+ROW()/1000000000,"") | AM5: =IF(AND(AF5=1,ISNUMBER(W5),Z5="Dedicated"),1,0) -> 0 | AN5: =SUM($AM$2:AM5) -> 1 | AO5: =IF(AND(AF5=1,ISNUMBER(W5),Z5<>"Dedicated"),1,0) -> 1 | AP5: =SUM($AO$2:AO5) -> 2 | AQ5: =IF(AND(AF5=1,AG5=1),1,0) -> 1 | AR5: =SUM($AQ$2:AQ5) -> 4 | AS5: =IF(AQ5=1,G5,0) -> 65.5 | AT5: =IF(AQ5=1,K5,0) -> 4 | AU5: =TRIM(IF(Raw!N5="","weight missing; ","")&IF(Raw!K5="","storage missing; ","")&IF(ISNUMBER(FIND(" و ",Raw!K5)),"dual storage - SSD part used; ","")&IF(ISNUMBER(SEARCH("TB",Raw!K5)),"storage written as TB; ","")&IF(Raw!I5="","cpu missing; ","")&IF(Raw!M5="","gpu missing; ","")&IF(Raw!J5="","ram missing; ","")&IF(Raw!L5="","screen missing; ","")) -> dual storage - SSD part used;
A6: =Raw!A6 -> 239877 | B6: =Raw!B6 -> لپ تاپ اچ پی 15.6 اینچی مدل Victus 15 FA2082WM i5 13420H 16GB 512GB RTX4050 | C6: =LOWER(TRIM(Raw!C6)) -> hp | D6: =IFERROR(INDEX(Params!$B$5:$B$13,MATCH(C6,Params!$A$5:$A$13,0)),PROPER(C6)) -> HP | E6: =IF(Raw!F6,"Available","Out of stock") -> Available | F6: =IF(Raw!D6="","",Raw!D6) -> 275000000 | G6: =IF(ISNUMBER(F6),F6/1000000,"") -> 275 | H6: =IF(Raw!E6="","",Raw!E6) -> 285000000 | I6: =IF(AND(ISNUMBER(H6),ISNUMBER(F6)),IF(H6>F6,(H6-F6)/H6,0),0) -> 0.035087719 | J6: =IF(I6>0,1,0) -> 1 | K6: =Raw!G6 -> 4.2 | L6: =Raw!H6 -> 36 | M6: =IF(L6>0,(L6*K6+p_m*p_c)/(L6+p_m),"") -> 4.2597826 | N6: =IF(Raw!I6="","",TRIM(Raw!I6)) -> Core i5 13420H | O6: =IF(N6="","Unknown",IF(LEFT(N6,5)="Apple","Apple",IF(LEFT(N6,5)="Ryzen","AMD","Intel"))) -> Intel | P6: =IF(N6="","Unknown",IF(LEFT(N6,5)="Apple","Apple Silicon",IF(LEFT(N6,8)="Ryzen AI","Ryzen AI",TRIM(LEFT(N6,7))))) -> Core i5 | Q6: =IFERROR(VALUE(LEFT(Raw!J6,FIND(" ",Raw!J6)-1)),"") -> 16 | R6: =IF(NOT(ISNUMBER(Q6)),"Unknown",IF(Q6<=8,"≤ 8 GB",IF(Q6<=16,"12–16 GB","20 GB +"))) -> 12–16 GB | S6: =IF(Raw!K6="","",IF(ISNUMBER(FIND(" و ",Raw!K6)),TRIM(MID(Raw!K6,FIND(" و ",Raw!K6)+3,100)),TRIM(Raw!K6))) -> 512 گیگابایت | T6: =IF(S6="","",IFERROR(IFERROR(VALUE(LEFT(S6,FIND(" ",S6)-1)),VALUE(LEFT(S6,LEN(S6)-2)))*IF(OR(ISNUMBER(SEARCH("ترابایت",S6)),ISNUMBER(SEARCH("TB",S6))),1024,1),"")) -> 512 | U6: =IF(NOT(ISNUMBER(T6)),"Unknown",IF(T6<=256,"≤ 256 GB",IF(T6<=512,"512 GB","1 TB +"))) -> 512 GB | V6: =IFERROR(VALUE(SUBSTITUTE(LEFT(Raw!L6,FIND(" ",Raw!L6)-1),".",MID(1/2,2,1))),"") -> 15.6 | W6: =IFERROR(VALUE(SUBSTITUTE(LEFT(Raw!N6,FIND(" ",Raw!N6)-1),".",MID(1/2,2,1))),"") -> 2.29 | X6: =IF(Raw!M6="","",TRIM(Raw!M6)) -> NVIDIA GeForce RTX 4050 | Y6: =IF(X6="","Unknown",IF(ISNUMBER(SEARCH("nvidia",X6)),"NVIDIA",IF(ISNUMBER(SEARCH("amd",X6)),"AMD",IF(ISNUMBER(SEARCH("apple",X6)),"Apple",IF(ISNUMBER(SEARCH("intel",X6)),"Intel","Other"))))) -> NVIDIA | Z6: =IF(X6="","Unknown",IF(ISNUMBER(SEARCH("RTX",X6))+ISNUMBER(SEARCH("GTX",X6))+ISNUMBER(SEARCH("nvidia",X6))+ISNUMBER(SEARCH("Radeon RX",X6))>0,"Dedicated","Integrated")) -> Dedicated | AA6: =IF(ISNUMBER(SEARCH("RTX",X6)),TRIM(MID(X6,SEARCH("RTX",X6),8)),IF(X6="","Unknown",IF(Z6="Dedicated","Dedicated (model n/a)","Integrated"))) -> RTX 4050 | AB6: =IF(ISNUMBER(G6),INDEX(Params!$E$5:$E$9,MATCH(G6,Params!$D$5:$D$9,1)),"Unknown") -> 200–300 M | AC6: =IF(AND(ISNUMBER(G6),ISNUMBER(Q6)),IF(Q6>0,G6/Q6,""),"") -> 17.1875 | AD6: =IF(OR(p_excl=0,ISNUMBER(SEARCH("لپ",B6))),1,0) -> 1 | AE6: =IF(AND(AD6=1,OR(fBrand="All",D6=fBrand),OR(fCPU="All",O6=fCPU),OR(fGPU="All",Z6=fGPU),OR(fTier="All",AB6=fTier),OR(fRAM="All",R6=fRAM)),1,0) -> 1 | AF6: =IF(AND(AE6=1,ISNUMBER(G6)),1,0) -> 1 | AG6: =IF(AND(AE6=1,L6>0),1,0) -> 1 | AH6: =IF(AF6=1,G6,"") -> 275 | AI6: =IF(COUNTIF($D$2:D6,D6)=1,MAX($AI$1:AI5)+1,"") -> 4 | AJ6: =IF(COUNTIF($P$2:P6,P6)=1,MAX($AJ$1:AJ5)+1,"") | AK6: =IF(AG6=1,M6+ROW()/1000000000,"") -> 4.2597826 | AL6: =IF(AND(AE6=1,I6>0),I6+ROW()/1000000000,"") -> 0.035087725 | AM6: =IF(AND(AF6=1,ISNUMBER(W6),Z6="Dedicated"),1,0) -> 1 | AN6: =SUM($AM$2:AM6) -> 2 | AO6: =IF(AND(AF6=1,ISNUMBER(W6),Z6<>"Dedicated"),1,0) -> 0 | AP6: =SUM($AO$2:AO6) -> 2 | AQ6: =IF(AND(AF6=1,AG6=1),1,0) -> 1 | AR6: =SUM($AQ$2:AQ6) -> 5 | AS6: =IF(AQ6=1,G6,0) -> 275 | AT6: =IF(AQ6=1,K6,0) -> 4.2 | AU6: =TRIM(IF(Raw!N6="","weight missing; ","")&IF(Raw!K6="","storage missing; ","")&IF(ISNUMBER(FIND(" و ",Raw!K6)),"dual storage - SSD part used; ","")&IF(ISNUMBER(SEARCH("TB",Raw!K6)),"storage written as TB; ","")&IF(Raw!I6="","cpu missing; ","")&IF(Raw!M6="","gpu missing; ","")&IF(Raw!J6="","ram missing; ","")&IF(Raw!L6="","screen missing; ",""))
A7: =Raw!A7 -> 134276 | B7: =Raw!B7 -> لپ تاپ 15.6 اینچی اچ پی مدل Victus 15 FA2013DX i5 13420H 16GB 512GB RTX 3050 | C7: =LOWER(TRIM(Raw!C7)) -> hp | D7: =IFERROR(INDEX(Params!$B$5:$B$13,MATCH(C7,Params!$A$5:$A$13,0)),PROPER(C7)) -> HP | E7: =IF(Raw!F7,"Available","Out of stock") -> Available | F7: =IF(Raw!D7="","",Raw!D7) -> 242000000 | G7: =IF(ISNUMBER(F7),F7/1000000,"") -> 242 | H7: =IF(Raw!E7="","",Raw!E7) | I7: =IF(AND(ISNUMBER(H7),ISNUMBER(F7)),IF(H7>F7,(H7-F7)/H7,0),0) -> 0 | J7: =IF(I7>0,1,0) -> 0 | K7: =Raw!G7 -> 4.4 | L7: =Raw!H7 -> 32 | M7: =IF(L7>0,(L7*K7+p_m*p_c)/(L7+p_m),"") -> 4.4178571 | N7: =IF(Raw!I7="","",TRIM(Raw!I7)) -> Core i5 13420H | O7: =IF(N7="","Unknown",IF(LEFT(N7,5)="Apple","Apple",IF(LEFT(N7,5)="Ryzen","AMD","Intel"))) -> Intel | P7: =IF(N7="","Unknown",IF(LEFT(N7,5)="Apple","Apple Silicon",IF(LEFT(N7,8)="Ryzen AI","Ryzen AI",TRIM(LEFT(N7,7))))) -> Core i5 | Q7: =IFERROR(VALUE(LEFT(Raw!J7,FIND(" ",Raw!J7)-1)),"") -> 16 | R7: =IF(NOT(ISNUMBER(Q7)),"Unknown",IF(Q7<=8,"≤ 8 GB",IF(Q7<=16,"12–16 GB","20 GB +"))) -> 12–16 GB | S7: =IF(Raw!K7="","",IF(ISNUMBER(FIND(" و ",Raw!K7)),TRIM(MID(Raw!K7,FIND(" و ",Raw!K7)+3,100)),TRIM(Raw!K7))) -> 512 گیگابایت | T7: =IF(S7="","",IFERROR(IFERROR(VALUE(LEFT(S7,FIND(" ",S7)-1)),VALUE(LEFT(S7,LEN(S7)-2)))*IF(OR(ISNUMBER(SEARCH("ترابایت",S7)),ISNUMBER(SEARCH("TB",S7))),1024,1),"")) -> 512 | U7: =IF(NOT(ISNUMBER(T7)),"Unknown",IF(T7<=256,"≤ 256 GB",IF(T7<=512,"512 GB","1 TB +"))) -> 512 GB | V7: =IFERROR(VALUE(SUBSTITUTE(LEFT(Raw!L7,FIND(" ",Raw!L7)-1),".",MID(1/2,2,1))),"") -> 15.6 | W7: =IFERROR(VALUE(SUBSTITUTE(LEFT(Raw!N7,FIND(" ",Raw!N7)-1),".",MID(1/2,2,1))),"") -> 2.2 | X7: =IF(Raw!M7="","",TRIM(Raw!M7)) -> NVIDIA GeForce RTX 3050 | Y7: =IF(X7="","Unknown",IF(ISNUMBER(SEARCH("nvidia",X7)),"NVIDIA",IF(ISNUMBER(SEARCH("amd",X7)),"AMD",IF(ISNUMBER(SEARCH("apple",X7)),"Apple",IF(ISNUMBER(SEARCH("intel",X7)),"Intel","Other"))))) -> NVIDIA | Z7: =IF(X7="","Unknown",IF(ISNUMBER(SEARCH("RTX",X7))+ISNUMBER(SEARCH("GTX",X7))+ISNUMBER(SEARCH("nvidia",X7))+ISNUMBER(SEARCH("Radeon RX",X7))>0,"Dedicated","Integrated")) -> Dedicated | AA7: =IF(ISNUMBER(SEARCH("RTX",X7)),TRIM(MID(X7,SEARCH("RTX",X7),8)),IF(X7="","Unknown",IF(Z7="Dedicated","Dedicated (model n/a)","Integrated"))) -> RTX 3050 | AB7: =IF(ISNUMBER(G7),INDEX(Params!$E$5:$E$9,MATCH(G7,Params!$D$5:$D$9,1)),"Unknown") -> 200–300 M | AC7: =IF(AND(ISNUMBER(G7),ISNUMBER(Q7)),IF(Q7>0,G7/Q7,""),"") -> 15.125 | AD7: =IF(OR(p_excl=0,ISNUMBER(SEARCH("لپ",B7))),1,0) -> 1 | AE7: =IF(AND(AD7=1,OR(fBrand="All",D7=fBrand),OR(fCPU="All",O7=fCPU),OR(fGPU="All",Z7=fGPU),OR(fTier="All",AB7=fTier),OR(fRAM="All",R7=fRAM)),1,0) -> 1 | AF7: =IF(AND(AE7=1,ISNUMBER(G7)),1,0) -> 1 | AG7: =IF(AND(AE7=1,L7>0),1,0) -> 1 | AH7: =IF(AF7=1,G7,"") -> 242 | AI7: =IF(COUNTIF($D$2:D7,D7)=1,MAX($AI$1:AI6)+1,"") | AJ7: =IF(COUNTIF($P$2:P7,P7)=1,MAX($AJ$1:AJ6)+1,"") | AK7: =IF(AG7=1,M7+ROW()/1000000000,"") -> 4.4178571 | AL7: =IF(AND(AE7=1,I7>0),I7+ROW()/1000000000,"") | AM7: =IF(AND(AF7=1,ISNUMBER(W7),Z7="Dedicated"),1,0) -> 1 | AN7: =SUM($AM$2:AM7) -> 3 | AO7: =IF(AND(AF7=1,ISNUMBER(W7),Z7<>"Dedicated"),1,0) -> 0 | AP7: =SUM($AO$2:AO7) -> 2 | AQ7: =IF(AND(AF7=1,AG7=1),1,0) -> 1 | AR7: =SUM($AQ$2:AQ7) -> 6 | AS7: =IF(AQ7=1,G7,0) -> 242 | AT7: =IF(AQ7=1,K7,0) -> 4.4 | AU7: =TRIM(IF(Raw!N7="","weight missing; ","")&IF(Raw!K7="","storage missing; ","")&IF(ISNUMBER(FIND(" و ",Raw!K7)),"dual storage - SSD part used; ","")&IF(ISNUMBER(SEARCH("TB",Raw!K7)),"storage written as TB; ","")&IF(Raw!I7="","cpu missing; ","")&IF(Raw!M7="","gpu missing; ","")&IF(Raw!J7="","ram missing; ","")&IF(Raw!L7="","screen missing; ",""))
A8: =Raw!A8 -> 133168 | B8: =Raw!B8 -> لپ تاپ لنوو 15.3 اینچی مدل IdeaPad Slim 3 i7 13620H 16GB 512GB | C8: =LOWER(TRIM(Raw!C8)) -> lenovo | D8: =IFERROR(INDEX(Params!$B$5:$B$13,MATCH(C8,Params!$A$5:$A$13,0)),PROPER(C8)) -> Lenovo | E8: =IF(Raw!F8,"Available","Out of stock") -> Available | F8: =IF(Raw!D8="","",Raw!D8) -> 220200000 | G8: =IF(ISNUMBER(F8),F8/1000000,"") -> 220.2 | H8: =IF(Raw!E8="","",Raw!E8) | I8: =IF(AND(ISNUMBER(H8),ISNUMBER(F8)),IF(H8>F8,(H8-F8)/H8,0),0) -> 0 | J8: =IF(I8>0,1,0) -> 0 | K8: =Raw!G8 -> 3.2 | L8: =Raw!H8 -> 11 | M8: =IF(L8>0,(L8*K8+p_m*p_c)/(L8+p_m),"") -> 3.8071429 | N8: =IF(Raw!I8="","",TRIM(Raw!I8)) -> Core i7 13620H | O8: =IF(N8="","Unknown",IF(LEFT(N8,5)="Apple","Apple",IF(LEFT(N8,5)="Ryzen","AMD","Intel"))) -> Intel | P8: =IF(N8="","Unknown",IF(LEFT(N8,5)="Apple","Apple Silicon",IF(LEFT(N8,8)="Ryzen AI","Ryzen AI",TRIM(LEFT(N8,7))))) -> Core i7 | Q8: =IFERROR(VALUE(LEFT(Raw!J8,FIND(" ",Raw!J8)-1)),"") -> 16 | R8: =IF(NOT(ISNUMBER(Q8)),"Unknown",IF(Q8<=8,"≤ 8 GB",IF(Q8<=16,"12–16 GB","20 GB +"))) -> 12–16 GB | S8: =IF(Raw!K8="","",IF(ISNUMBER(FIND(" و ",Raw!K8)),TRIM(MID(Raw!K8,FIND(" و ",Raw!K8)+3,100)),TRIM(Raw!K8))) -> 512 گیگابایت | T8: =IF(S8="","",IFERROR(IFERROR(VALUE(LEFT(S8,FIND(" ",S8)-1)),VALUE(LEFT(S8,LEN(S8)-2)))*IF(OR(ISNUMBER(SEARCH("ترابایت",S8)),ISNUMBER(SEARCH("TB",S8))),1024,1),"")) -> 512 | U8: =IF(NOT(ISNUMBER(T8)),"Unknown",IF(T8<=256,"≤ 256 GB",IF(T8<=512,"512 GB","1 TB +"))) -> 512 GB | V8: =IFERROR(VALUE(SUBSTITUTE(LEFT(Raw!L8,FIND(" ",Raw!L8)-1),".",MID(1/2,2,1))),"") -> 15.3 | W8: =IFERROR(VALUE(SUBSTITUTE(LEFT(Raw!N8,FIND(" ",Raw!N8)-1),".",MID(1/2,2,1))),"") | X8: =IF(Raw!M8="","",TRIM(Raw!M8)) -> Intel UHD Graphics | Y8: =IF(X8="","Unknown",IF(ISNUMBER(SEARCH("nvidia",X8)),"NVIDIA",IF(ISNUMBER(SEARCH("amd",X8)),"AMD",IF(ISNUMBER(SEARCH("apple",X8)),"Apple",IF(ISNUMBER(SEARCH("intel",X8)),"Intel","Other"))))) -> Intel | Z8: =IF(X8="","Unknown",IF(ISNUMBER(SEARCH("RTX",X8))+ISNUMBER(SEARCH("GTX",X8))+ISNUMBER(SEARCH("nvidia",X8))+ISNUMBER(SEARCH("Radeon RX",X8))>0,"Dedicated","Integrated")) -> Integrated | AA8: =IF(ISNUMBER(SEARCH("RTX",X8)),TRIM(MID(X8,SEARCH("RTX",X8),8)),IF(X8="","Unknown",IF(Z8="Dedicated","Dedicated (model n/a)","Integrated"))) -> Integrated | AB8: =IF(ISNUMBER(G8),INDEX(Params!$E$5:$E$9,MATCH(G8,Params!$D$5:$D$9,1)),"Unknown") -> 200–300 M | AC8: =IF(AND(ISNUMBER(G8),ISNUMBER(Q8)),IF(Q8>0,G8/Q8,""),"") -> 13.7625 | AD8: =IF(OR(p_excl=0,ISNUMBER(SEARCH("لپ",B8))),1,0) -> 1 | AE8: =IF(AND(AD8=1,OR(fBrand="All",D8=fBrand),OR(fCPU="All",O8=fCPU),OR(fGPU="All",Z8=fGPU),OR(fTier="All",AB8=fTier),OR(fRAM="All",R8=fRAM)),1,0) -> 1 | AF8: =IF(AND(AE8=1,ISNUMBER(G8)),1,0) -> 1 | AG8: =IF(AND(AE8=1,L8>0),1,0) -> 1 | AH8: =IF(AF8=1,G8,"") -> 220.2 | AI8: =IF(COUNTIF($D$2:D8,D8)=1,MAX($AI$1:AI7)+1,"") | AJ8: =IF(COUNTIF($P$2:P8,P8)=1,MAX($AJ$1:AJ7)+1,"") | AK8: =IF(AG8=1,M8+ROW()/1000000000,"") -> 3.8071429 | AL8: =IF(AND(AE8=1,I8>0),I8+ROW()/1000000000,"") | AM8: =IF(AND(AF8=1,ISNUMBER(W8),Z8="Dedicated"),1,0) -> 0 | AN8: =SUM($AM$2:AM8) -> 3 | AO8: =IF(AND(AF8=1,ISNUMBER(W8),Z8<>"Dedicated"),1,0) -> 0 | AP8: =SUM($AO$2:AO8) -> 2 | AQ8: =IF(AND(AF8=1,AG8=1),1,0) -> 1 | AR8: =SUM($AQ$2:AQ8) -> 7 | AS8: =IF(AQ8=1,G8,0) -> 220.2 | AT8: =IF(AQ8=1,K8,0) -> 3.2 | AU8: =TRIM(IF(Raw!N8="","weight missing; ","")&IF(Raw!K8="","storage missing; ","")&IF(ISNUMBER(FIND(" و ",Raw!K8)),"dual storage - SSD part used; ","")&IF(ISNUMBER(SEARCH("TB",Raw!K8)),"storage written as TB; ","")&IF(Raw!I8="","cpu missing; ","")&IF(Raw!M8="","gpu missing; ","")&IF(Raw!J8="","ram missing; ","")&IF(Raw!L8="","screen missing; ","")) -> weight missing;
A9: =Raw!A9 -> 106793 | B9: =Raw!B9 -> لپ تاپ 15.6 اینچی لنوو مدل IdeaPad 1 15IJL7 Celeron N4500 8GB 256GB | C9: =LOWER(TRIM(Raw!C9)) -> lenovo | D9: =IFERROR(INDEX(Params!$B$5:$B$13,MATCH(C9,Params!$A$5:$A$13,0)),PROPER(C9)) -> Lenovo | E9: =IF(Raw!F9,"Available","Out of stock") -> Available | F9: =IF(Raw!D9="","",Raw!D9) -> 94500000 | G9: =IF(ISNUMBER(F9),F9/1000000,"") -> 94.5 | H9: =IF(Raw!E9="","",Raw!E9) | I9: =IF(AND(ISNUMBER(H9),ISNUMBER(F9)),IF(H9>F9,(H9-F9)/H9,0),0) -> 0 | J9: =IF(I9>0,1,0) -> 0 | K9: =Raw!G9 -> 4.7 | L9: =Raw!H9 -> 6 | M9: =IF(L9>0,(L9*K9+p_m*p_c)/(L9+p_m),"") -> 4.559375 | N9: =IF(Raw!I9="","",TRIM(Raw!I9)) -> Celeron N4500 | O9: =IF(N9="","Unknown",IF(LEFT(N9,5)="Apple","Apple",IF(LEFT(N9,5)="Ryzen","AMD","Intel"))) -> Intel | P9: =IF(N9="","Unknown",IF(LEFT(N9,5)="Apple","Apple Silicon",IF(LEFT(N9,8)="Ryzen AI","Ryzen AI",TRIM(LEFT(N9,7))))) -> Celeron | Q9: =IFERROR(VALUE(LEFT(Raw!J9,FIND(" ",Raw!J9)-1)),"") -> 8 | R9: =IF(NOT(ISNUMBER(Q9)),"Unknown",IF(Q9<=8,"≤ 8 GB",IF(Q9<=16,"12–16 GB","20 GB +"))) -> ≤ 8 GB | S9: =IF(Raw!K9="","",IF(ISNUMBER(FIND(" و ",Raw!K9)),TRIM(MID(Raw!K9,FIND(" و ",Raw!K9)+3,100)),TRIM(Raw!K9))) -> 256 گیگابایت | T9: =IF(S9="","",IFERROR(IFERROR(VALUE(LEFT(S9,FIND(" ",S9)-1)),VALUE(LEFT(S9,LEN(S9)-2)))*IF(OR(ISNUMBER(SEARCH("ترابایت",S9)),ISNUMBER(SEARCH("TB",S9))),1024,1),"")) -> 256 | U9: =IF(NOT(ISNUMBER(T9)),"Unknown",IF(T9<=256,"≤ 256 GB",IF(T9<=512,"512 GB","1 TB +"))) -> ≤ 256 GB | V9: =IFERROR(VALUE(SUBSTITUTE(LEFT(Raw!L9,FIND(" ",Raw!L9)-1),".",MID(1/2,2,1))),"") -> 15.6 | W9: =IFERROR(VALUE(SUBSTITUTE(LEFT(Raw!N9,FIND(" ",Raw!N9)-1),".",MID(1/2,2,1))),"") -> 1.55 | X9: =IF(Raw!M9="","",TRIM(Raw!M9)) -> Intel UHD Graphics | Y9: =IF(X9="","Unknown",IF(ISNUMBER(SEARCH("nvidia",X9)),"NVIDIA",IF(ISNUMBER(SEARCH("amd",X9)),"AMD",IF(ISNUMBER(SEARCH("apple",X9)),"Apple",IF(ISNUMBER(SEARCH("intel",X9)),"Intel","Other"))))) -> Intel | Z9: =IF(X9="","Unknown",IF(ISNUMBER(SEARCH("RTX",X9))+ISNUMBER(SEARCH("GTX",X9))+ISNUMBER(SEARCH("nvidia",X9))+ISNUMBER(SEARCH("Radeon RX",X9))>0,"Dedicated","Integrated")) -> Integrated | AA9: =IF(ISNUMBER(SEARCH("RTX",X9)),TRIM(MID(X9,SEARCH("RTX",X9),8)),IF(X9="","Unknown",IF(Z9="Dedicated","Dedicated (model n/a)","Integrated"))) -> Integrated | AB9: =IF(ISNUMBER(G9),INDEX(Params!$E$5:$E$9,MATCH(G9,Params!$D$5:$D$9,1)),"Unknown") -> < 100 M | AC9: =IF(AND(ISNUMBER(G9),ISNUMBER(Q9)),IF(Q9>0,G9/Q9,""),"") -> 11.8125 | AD9: =IF(OR(p_excl=0,ISNUMBER(SEARCH("لپ",B9))),1,0) -> 1 | AE9: =IF(AND(AD9=1,OR(fBrand="All",D9=fBrand),OR(fCPU="All",O9=fCPU),OR(fGPU="All",Z9=fGPU),OR(fTier="All",AB9=fTier),OR(fRAM="All",R9=fRAM)),1,0) -> 1 | AF9: =IF(AND(AE9=1,ISNUMBER(G9)),1,0) -> 1 | AG9: =IF(AND(AE9=1,L9>0),1,0) -> 1 | AH9: =IF(AF9=1,G9,"") -> 94.5 | AI9: =IF(COUNTIF($D$2:D9,D9)=1,MAX($AI$1:AI8)+1,"") | AJ9: =IF(COUNTIF($P$2:P9,P9)=1,MAX($AJ$1:AJ8)+1,"") | AK9: =IF(AG9=1,M9+ROW()/1000000000,"") -> 4.559375 | AL9: =IF(AND(AE9=1,I9>0),I9+ROW()/1000000000,"") | AM9: =IF(AND(AF9=1,ISNUMBER(W9),Z9="Dedicated"),1,0) -> 0 | AN9: =SUM($AM$2:AM9) -> 3 | AO9: =IF(AND(AF9=1,ISNUMBER(W9),Z9<>"Dedicated"),1,0) -> 1 | AP9: =SUM($AO$2:AO9) -> 3 | AQ9: =IF(AND(AF9=1,AG9=1),1,0) -> 1 | AR9: =SUM($AQ$2:AQ9) -> 8 | AS9: =IF(AQ9=1,G9,0) -> 94.5 | AT9: =IF(AQ9=1,K9,0) -> 4.7 | AU9: =TRIM(IF(Raw!N9="","weight missing; ","")&IF(Raw!K9="","storage missing; ","")&IF(ISNUMBER(FIND(" و ",Raw!K9)),"dual storage - SSD part used; ","")&IF(ISNUMBER(SEARCH("TB",Raw!K9)),"storage written as TB; ","")&IF(Raw!I9="","cpu missing; ","")&IF(Raw!M9="","gpu missing; ","")&IF(Raw!J9="","ram missing; ","")&IF(Raw!L9="","screen missing; ",""))
A10: =Raw!A10 -> 66798 | B10: =Raw!B10 -> لپ تاپ ایسوس 15.6 اینچی مدل Vivobook X1504VA Core 7 ۱۵۰U 16GB 512GB | C10: =LOWER(TRIM(Raw!C10)) -> asus | D10: =IFERROR(INDEX(Params!$B$5:$B$13,MATCH(C10,Params!$A$5:$A$13,0)),PROPER(C10)) -> ASUS | E10: =IF(Raw!F10,"Available","Out of stock") -> Available | F10: =IF(Raw!D10="","",Raw!D10) -> 196600000 | G10: =IF(ISNUMBER(F10),F10/1000000,"") -> 196.6 | H10: =IF(Raw!E10="","",Raw!E10) | I10: =IF(AND(ISNUMBER(H10),ISNUMBER(F10)),IF(H10>F10,(H10-F10)/H10,0),0) -> 0 | J10: =IF(I10>0,1,0) -> 0 | K10: =Raw!G10 -> 5 | L10: =Raw!H10 -> 1 | M10: =IF(L10>0,(L10*K10+p_m*p_c)/(L10+p_m),"") -> 4.5227273 | N10: =IF(Raw!I10="","",TRIM(Raw!I10)) -> Core 7 150U | O10: =IF(N10="","Unknown",IF(LEFT(N10,5)="Apple","Apple",IF(LEFT(N10,5)="Ryzen","AMD","Intel"))) -> Intel | P10: =IF(N10="","Unknown",IF(LEFT(N10,5)="Apple","Apple Silicon",IF(LEFT(N10,8)="Ryzen AI","Ryzen AI",TRIM(LEFT(N10,7))))) -> Core 7 | Q10: =IFERROR(VALUE(LEFT(Raw!J10,FIND(" ",Raw!J10)-1)),"") -> 16 | R10: =IF(NOT(ISNUMBER(Q10)),"Unknown",IF(Q10<=8,"≤ 8 GB",IF(Q10<=16,"12–16 GB","20 GB +"))) -> 12–16 GB | S10: =IF(Raw!K10="","",IF(ISNUMBER(FIND(" و ",Raw!K10)),TRIM(MID(Raw!K10,FIND(" و ",Raw!K10)+3,100)),TRIM(Raw!K10))) -> 512 گیگابایت | T10: =IF(S10="","",IFERROR(IFERROR(VALUE(LEFT(S10,FIND(" ",S10)-1)),VALUE(LEFT(S10,LEN(S10)-2)))*IF(OR(ISNUMBER(SEARCH("ترابایت",S10)),ISNUMBER(SEARCH("TB",S10))),1024,1),"")) -> 512 | U10: =IF(NOT(ISNUMBER(T10)),"Unknown",IF(T10<=256,"≤ 256 GB",IF(T10<=512,"512 GB","1 TB +"))) -> 512 GB | V10: =IFERROR(VALUE(SUBSTITUTE(LEFT(Raw!L10,FIND(" ",Raw!L10)-1),".",MID(1/2,2,1))),"") -> 15.6 | W10: =IFERROR(VALUE(SUBSTITUTE(LEFT(Raw!N10,FIND(" ",Raw!N10)-1),".",MID(1/2,2,1))),"") -> 1.7 | X10: =IF(Raw!M10="","",TRIM(Raw!M10)) -> Intel | Y10: =IF(X10="","Unknown",IF(ISNUMBER(SEARCH("nvidia",X10)),"NVIDIA",IF(ISNUMBER(SEARCH("amd",X10)),"AMD",IF(ISNUMBER(SEARCH("apple",X10)),"Apple",IF(ISNUMBER(SEARCH("intel",X10)),"Intel","Other"))))) -> Intel | Z10: =IF(X10="","Unknown",IF(ISNUMBER(SEARCH("RTX",X10))+ISNUMBER(SEARCH("GTX",X10))+ISNUMBER(SEARCH("nvidia",X10))+ISNUMBER(SEARCH("Radeon RX",X10))>0,"Dedicated","Integrated")) -> Integrated | AA10: =IF(ISNUMBER(SEARCH("RTX",X10)),TRIM(MID(X10,SEARCH("RTX",X10),8)),IF(X10="","Unknown",IF(Z10="Dedicated","Dedicated (model n/a)","Integrated"))) -> Integrated | AB10: =IF(ISNUMBER(G10),INDEX(Params!$E$5:$E$9,MATCH(G10,Params!$D$5:$D$9,1)),"Unknown") -> 100–200 M | AC10: =IF(AND(ISNUMBER(G10),ISNUMBER(Q10)),IF(Q10>0,G10/Q10,""),"") -> 12.2875 | AD10: =IF(OR(p_excl=0,ISNUMBER(SEARCH("لپ",B10))),1,0) -> 1 | AE10: =IF(AND(AD10=1,OR(fBrand="All",D10=fBrand),OR(fCPU="All",O10=fCPU),OR(fGPU="All",Z10=fGPU),OR(fTier="All",AB10=fTier),OR(fRAM="All",R10=fRAM)),1,0) -> 1 | AF10: =IF(AND(AE10=1,ISNUMBER(G10)),1,0) -> 1 | AG10: =IF(AND(AE10=1,L10>0),1,0) -> 1 | AH10: =IF(AF10=1,G10,"") -> 196.6 | AI10: =IF(COUNTIF($D$2:D10,D10)=1,MAX($AI$1:AI9)+1,"") | AJ10: =IF(COUNTIF($P$2:P10,P10)=1,MAX($AJ$1:AJ9)+1,"") -> 5 | AK10: =IF(AG10=1,M10+ROW()/1000000000,"") -> 4.5227273 | AL10: =IF(AND(AE10=1,I10>0),I10+ROW()/1000000000,"") | AM10: =IF(AND(AF10=1,ISNUMBER(W10),Z10="Dedicated"),1,0) -> 0 | AN10: =SUM($AM$2:AM10) -> 3 | AO10: =IF(AND(AF10=1,ISNUMBER(W10),Z10<>"Dedicated"),1,0) -> 1 | AP10: =SUM($AO$2:AO10) -> 4 | AQ10: =IF(AND(AF10=1,AG10=1),1,0) -> 1 | AR10: =SUM($AQ$2:AQ10) -> 9 | AS10: =IF(AQ10=1,G10,0) -> 196.6 | AT10: =IF(AQ10=1,K10,0) -> 5 | AU10: =TRIM(IF(Raw!N10="","weight missing; ","")&IF(Raw!K10="","storage missing; ","")&IF(ISNUMBER(FIND(" و ",Raw!K10)),"dual storage - SSD part used; ","")&IF(ISNUMBER(SEARCH("TB",Raw!K10)),"storage written as TB; ","")&IF(Raw!I10="","cpu missing; ","")&IF(Raw!M10="","gpu missing; ","")&IF(Raw!J10="","ram missing; ","")&IF(Raw!L10="","screen missing; ",""))
A11: =Raw!A11 -> 49420 | B11: =Raw!B11 -> لپ تاپ لنوو 15.6 اینچی مدل V15 G4 i5 13420H 16GB 512GB SSD | C11: =LOWER(TRIM(Raw!C11)) -> lenovo | D11: =IFERROR(INDEX(Params!$B$5:$B$13,MATCH(C11,Params!$A$5:$A$13,0)),PROPER(C11)) -> Lenovo | E11: =IF(Raw!F11,"Available","Out of stock") -> Available | F11: =IF(Raw!D11="","",Raw!D11) -> 178000000 | G11: =IF(ISNUMBER(F11),F11/1000000,"") -> 178 | H11: =IF(Raw!E11="","",Raw!E11) | I11: =IF(AND(ISNUMBER(H11),ISNUMBER(F11)),IF(H11>F11,(H11-F11)/H11,0),0) -> 0 | J11: =IF(I11>0,1,0) -> 0 | K11: =Raw!G11 -> 4.1 | L11: =Raw!H11 -> 36 | M11: =IF(L11>0,(L11*K11+p_m*p_c)/(L11+p_m),"") -> 4.1815217 | N11: =IF(Raw!I11="","",TRIM(Raw!I11)) -> Core i5 13420H | O11: =IF(N11="","Unknown",IF(LEFT(N11,5)="Apple","Apple",IF(LEFT(N11,5)="Ryzen","AMD","Intel"))) -> Intel | P11: =IF(N11="","Unknown",IF(LEFT(N11,5)="Apple","Apple Silicon",IF(LEFT(N11,8)="Ryzen AI","Ryzen AI",TRIM(LEFT(N11,7))))) -> Core i5 | Q11: =IFERROR(VALUE(LEFT(Raw!J11,FIND(" ",Raw!J11)-1)),"") -> 16 | R11: =IF(NOT(ISNUMBER(Q11)),"Unknown",IF(Q11<=8,"≤ 8 GB",IF(Q11<=16,"12–16 GB","20 GB +"))) -> 12–16 GB | S11: =IF(Raw!K11="","",IF(ISNUMBER(FIND(" و ",Raw!K11)),TRIM(MID(Raw!K11,FIND(" و ",Raw!K11)+3,100)),TRIM(Raw!K11))) -> 512 گیگابایت | T11: =IF(S11="","",IFERROR(IFERROR(VALUE(LEFT(S11,FIND(" ",S11)-1)),VALUE(LEFT(S11,LEN(S11)-2)))*IF(OR(ISNUMBER(SEARCH("ترابایت",S11)),ISNUMBER(SEARCH("TB",S11))),1024,1),"")) -> 512 | U11: =IF(NOT(ISNUMBER(T11)),"Unknown",IF(T11<=256,"≤ 256 GB",IF(T11<=512,"512 GB","1 TB +"))) -> 512 GB | V11: =IFERROR(VALUE(SUBSTITUTE(LEFT(Raw!L11,FIND(" ",Raw!L11)-1),".",MID(1/2,2,1))),"") -> 15.6 | W11: =IFERROR(VALUE(SUBSTITUTE(LEFT(Raw!N11,FIND(" ",Raw!N11)-1),".",MID(1/2,2,1))),"") -> 1.6 | X11: =IF(Raw!M11="","",TRIM(Raw!M11)) -> Intel UHD Graphics | Y11: =IF(X11="","Unknown",IF(ISNUMBER(SEARCH("nvidia",X11)),"NVIDIA",IF(ISNUMBER(SEARCH("amd",X11)),"AMD",IF(ISNUMBER(SEARCH("apple",X11)),"Apple",IF(ISNUMBER(SEARCH("intel",X11)),"Intel","Other"))))) -> Intel | Z11: =IF(X11="","Unknown",IF(ISNUMBER(SEARCH("RTX",X11))+ISNUMBER(SEARCH("GTX",X11))+ISNUMBER(SEARCH("nvidia",X11))+ISNUMBER(SEARCH("Radeon RX",X11))>0,"Dedicated","Integrated")) -> Integrated | AA11: =IF(ISNUMBER(SEARCH("RTX",X11)),TRIM(MID(X11,SEARCH("RTX",X11),8)),IF(X11="","Unknown",IF(Z11="Dedicated","Dedicated (model n/a)","Integrated"))) -> Integrated | AB11: =IF(ISNUMBER(G11),INDEX(Params!$E$5:$E$9,MATCH(G11,Params!$D$5:$D$9,1)),"Unknown") -> 100–200 M | AC11: =IF(AND(ISNUMBER(G11),ISNUMBER(Q11)),IF(Q11>0,G11/Q11,""),"") -> 11.125 | AD11: =IF(OR(p_excl=0,ISNUMBER(SEARCH("لپ",B11))),1,0) -> 1 | AE11: =IF(AND(AD11=1,OR(fBrand="All",D11=fBrand),OR(fCPU="All",O11=fCPU),OR(fGPU="All",Z11=fGPU),OR(fTier="All",AB11=fTier),OR(fRAM="All",R11=fRAM)),1,0) -> 1 | AF11: =IF(AND(AE11=1,ISNUMBER(G11)),1,0) -> 1 | AG11: =IF(AND(AE11=1,L11>0),1,0) -> 1 | AH11: =IF(AF11=1,G11,"") -> 178 | AI11: =IF(COUNTIF($D$2:D11,D11)=1,MAX($AI$1:AI10)+1,"") | AJ11: =IF(COUNTIF($P$2:P11,P11)=1,MAX($AJ$1:AJ10)+1,"") | AK11: =IF(AG11=1,M11+ROW()/1000000000,"") -> 4.1815218 | AL11: =IF(AND(AE11=1,I11>0),I11+ROW()/1000000000,"") | AM11: =IF(AND(AF11=1,ISNUMBER(W11),Z11="Dedicated"),1,0) -> 0 | AN11: =SUM($AM$2:AM11) -> 3 | AO11: =IF(AND(AF11=1,ISNUMBER(W11),Z11<>"Dedicated"),1,0) -> 1 | AP11: =SUM($AO$2:AO11) -> 5 | AQ11: =IF(AND(AF11=1,AG11=1),1,0) -> 1 | AR11: =SUM($AQ$2:AQ11) -> 10 | AS11: =IF(AQ11=1,G11,0) -> 178 | AT11: =IF(AQ11=1,K11,0) -> 4.1 | AU11: =TRIM(IF(Raw!N11="","weight missing; ","")&IF(Raw!K11="","storage missing; ","")&IF(ISNUMBER(FIND(" و ",Raw!K11)),"dual storage - SSD part used; ","")&IF(ISNUMBER(SEARCH("TB",Raw!K11)),"storage written as TB; ","")&IF(Raw!I11="","cpu missing; ","")&IF(Raw!M11="","gpu missing; ","")&IF(Raw!J11="","ram missing; ","")&IF(Raw!L11="","screen missing; ",""))
A12: =Raw!A12 -> 31158 | B12: =Raw!B12 -> لپ تاپ ایسوس 15.6 اینچی مدل Vivobook 15 X1504VA i7 1355U 16GB 512GB | C12: =LOWER(TRIM(Raw!C12)) -> asus | D12: =IFERROR(INDEX(Params!$B$5:$B$13,MATCH(C12,Params!$A$5:$A$13,0)),PROPER(C12)) -> ASUS | E12: =IF(Raw!F12,"Available","Out of stock") -> Available | F12: =IF(Raw!D12="","",Raw!D12) -> 199300000 | G12: =IF(ISNUMBER(F12),F12/1000000,"") -> 199.3 | H12: =IF(Raw!E12="","",Raw!E12) | I12: =IF(AND(ISNUMBER(H12),ISNUMBER(F12)),IF(H12>F12,(H12-F12)/H12,0),0) -> 0 | J12: =IF(I12>0,1,0) -> 0 | K12: =Raw!G12 -> 4.1 | L12: =Raw!H12 -> 50 | M12: =IF(L12>0,(L12*K12+p_m*p_c)/(L12+p_m),"") -> 4.1625 | N12: =IF(Raw!I12="","",TRIM(Raw!I12)) -> Core i7 1355U | O12: =IF(N12="","Unknown",IF(LEFT(N12,5)="Apple","Apple",IF(LEFT(N12,5)="Ryzen","AMD","Intel"))) -> Intel | P12: =IF(N12="","Unknown",IF(LEFT(N12,5)="Apple","Apple Silicon",IF(LEFT(N12,8)="Ryzen AI","Ryzen AI",TRIM(LEFT(N12,7))))) -> Core i7 | Q12: =IFERROR(VALUE(LEFT(Raw!J12,FIND(" ",Raw!J12)-1)),"") -> 16 | R12: =IF(NOT(ISNUMBER(Q12)),"Unknown",IF(Q12<=8,"≤ 8 GB",IF(Q12<=16,"12–16 GB","20 GB +"))) -> 12–16 GB | S12: =IF(Raw!K12="","",IF(ISNUMBER(FIND(" و ",Raw!K12)),TRIM(MID(Raw!K12,FIND(" و ",Raw!K12)+3,100)),TRIM(Raw!K12))) -> 512 گیگابایت | T12: =IF(S12="","",IFERROR(IFERROR(VALUE(LEFT(S12,FIND(" ",S12)-1)),VALUE(LEFT(S12,LEN(S12)-2)))*IF(OR(ISNUMBER(SEARCH("ترابایت",S12)),ISNUMBER(SEARCH("TB",S12))),1024,1),"")) -> 512 | U12: =IF(NOT(ISNUMBER(T12)),"Unknown",IF(T12<=256,"≤ 256 GB",IF(T12<=512,"512 GB","1 TB +"))) -> 512 GB | V12: =IFERROR(VALUE(SUBSTITUTE(LEFT(Raw!L12,FIND(" ",Raw!L12)-1),".",MID(1/2,2,1))),"") -> 15.6 | W12: =IFERROR(VALUE(SUBSTITUTE(LEFT(Raw!N12,FIND(" ",Raw!N12)-1),".",MID(1/2,2,1))),"") -> 1.7 | X12: =IF(Raw!M12="","",TRIM(Raw!M12)) -> Intel Intel Iris Xe | Y12: =IF(X12="","Unknown",IF(ISNUMBER(SEARCH("nvidia",X12)),"NVIDIA",IF(ISNUMBER(SEARCH("amd",X12)),"AMD",IF(ISNUMBER(SEARCH("apple",X12)),"Apple",IF(ISNUMBER(SEARCH("intel",X12)),"Intel","Other"))))) -> Intel | Z12: =IF(X12="","Unknown",IF(ISNUMBER(SEARCH("RTX",X12))+ISNUMBER(SEARCH("GTX",X12))+ISNUMBER(SEARCH("nvidia",X12))+ISNUMBER(SEARCH("Radeon RX",X12))>0,"Dedicated","Integrated")) -> Integrated | AA12: =IF(ISNUMBER(SEARCH("RTX",X12)),TRIM(MID(X12,SEARCH("RTX",X12),8)),IF(X12="","Unknown",IF(Z12="Dedicated","Dedicated (model n/a)","Integrated"))) -> Integrated | AB12: =IF(ISNUMBER(G12),INDEX(Params!$E$5:$E$9,MATCH(G12,Params!$D$5:$D$9,1)),"Unknown") -> 100–200 M | AC12: =IF(AND(ISNUMBER(G12),ISNUMBER(Q12)),IF(Q12>0,G12/Q12,""),"") -> 12.45625 | AD12: =IF(OR(p_excl=0,ISNUMBER(SEARCH("لپ",B12))),1,0) -> 1 | AE12: =IF(AND(AD12=1,OR(fBrand="All",D12=fBrand),OR(fCPU="All",O12=fCPU),OR(fGPU="All",Z12=fGPU),OR(fTier="All",AB12=fTier),OR(fRAM="All",R12=fRAM)),1,0) -> 1 | AF12: =IF(AND(AE12=1,ISNUMBER(G12)),1,0) -> 1 | AG12: =IF(AND(AE12=1,L12>0),1,0) -> 1 | AH12: =IF(AF12=1,G12,"") -> 199.3 | AI12: =IF(COUNTIF($D$2:D12,D12)=1,MAX($AI$1:AI11)+1,"") | AJ12: =IF(COUNTIF($P$2:P12,P12)=1,MAX($AJ$1:AJ11)+1,"") | AK12: =IF(AG12=1,M12+ROW()/1000000000,"") -> 4.1625 | AL12: =IF(AND(AE12=1,I12>0),I12+ROW()/1000000000,"") | AM12: =IF(AND(AF12=1,ISNUMBER(W12),Z12="Dedicated"),1,0) -> 0 | AN12: =SUM($AM$2:AM12) -> 3 | AO12: =IF(AND(AF12=1,ISNUMBER(W12),Z12<>"Dedicated"),1,0) -> 1 | AP12: =SUM($AO$2:AO12) -> 6 | AQ12: =IF(AND(AF12=1,AG12=1),1,0) -> 1 | AR12: =SUM($AQ$2:AQ12) -> 11 | AS12: =IF(AQ12=1,G12,0) -> 199.3 | AT12: =IF(AQ12=1,K12,0) -> 4.1 | AU12: =TRIM(IF(Raw!N12="","weight missing; ","")&IF(Raw!K12="","storage missing; ","")&IF(ISNUMBER(FIND(" و ",Raw!K12)),"dual storage - SSD part used; ","")&IF(ISNUMBER(SEARCH("TB",Raw!K12)),"storage written as TB; ","")&IF(Raw!I12="","cpu missing; ","")&IF(Raw!M12="","gpu missing; ","")&IF(Raw!J12="","ram missing; ","")&IF(Raw!L12="","screen missing; ",""))
A13: =Raw!A13 -> 382470 | B13: =Raw!B13 -> لپ تاپ ایسوس 15.6 اینچی مدل Vivobook X1504VA Core 7 ۱۵۰U 24GB 1TB | C13: =LOWER(TRIM(Raw!C13)) -> asus | D13: =IFERROR(INDEX(Params!$B$5:$B$13,MATCH(C13,Params!$A$5:$A$13,0)),PROPER(C13)) -> ASUS | E13: =IF(Raw!F13,"Available","Out of stock") -> Available | F13: =IF(Raw!D13="","",Raw!D13) -> 225500000 | G13: =IF(ISNUMBER(F13),F13/1000000,"") -> 225.5 | H13: =IF(Raw!E13="","",Raw!E13) | I13: =IF(AND(ISNUMBER(H13),ISNUMBER(F13)),IF(H13>F13,(H13-F13)/H13,0),0) -> 0 | J13: =IF(I13>0,1,0) -> 0 | K13: =Raw!G13 -> 5 | L13: =Raw!H13 -> 1 | M13: =IF(L13>0,(L13*K13+p_m*p_c)/(L13+p_m),"") -> 4.5227273 | N13: =IF(Raw!I13="","",TRIM(Raw!I13)) -> Core 7 150U | O13: =IF(N13="","Unknown",IF(LEFT(N13,5)="Apple","Apple",IF(LEFT(N13,5)="Ryzen","AMD","Intel"))) -> Intel | P13: =IF(N13="","Unknown",IF(LEFT(N13,5)="Apple","Apple Silicon",IF(LEFT(N13,8)="Ryzen AI","Ryzen AI",TRIM(LEFT(N13,7))))) -> Core 7 | Q13: =IFERROR(VALUE(LEFT(Raw!J13,FIND(" ",Raw!J13)-1)),"") -> 24 | R13: =IF(NOT(ISNUMBER(Q13)),"Unknown",IF(Q13<=8,"≤ 8 GB",IF(Q13<=16,"12–16 GB","20 GB +"))) -> 20 GB + | S13: =IF(Raw!K13="","",IF(ISNUMBER(FIND(" و ",Raw!K13)),TRIM(MID(Raw!K13,FIND(" و ",Raw!K13)+3,100)),TRIM(Raw!K13))) -> 1 ترابایت | T13: =IF(S13="","",IFERROR(IFERROR(VALUE(LEFT(S13,FIND(" ",S13)-1)),VALUE(LEFT(S13,LEN(S13)-2)))*IF(OR(ISNUMBER(SEARCH("ترابایت",S13)),ISNUMBER(SEARCH("TB",S13))),1024,1),"")) -> 1024 | U13: =IF(NOT(ISNUMBER(T13)),"Unknown",IF(T13<=256,"≤ 256 GB",IF(T13<=512,"512 GB","1 TB +"))) -> 1 TB + | V13: =IFERROR(VALUE(SUBSTITUTE(LEFT(Raw!L13,FIND(" ",Raw!L13)-1),".",MID(1/2,2,1))),"") -> 15.6 | W13: =IFERROR(VALUE(SUBSTITUTE(LEFT(Raw!N13,FIND(" ",Raw!N13)-1),".",MID(1/2,2,1))),"") -> 1.7 | X13: =IF(Raw!M13="","",TRIM(Raw!M13)) -> Intel | Y13: =IF(X13="","Unknown",IF(ISNUMBER(SEARCH("nvidia",X13)),"NVIDIA",IF(ISNUMBER(SEARCH("amd",X13)),"AMD",IF(ISNUMBER(SEARCH("apple",X13)),"Apple",IF(ISNUMBER(SEARCH("intel",X13)),"Intel","Other"))))) -> Intel | Z13: =IF(X13="","Unknown",IF(ISNUMBER(SEARCH("RTX",X13))+ISNUMBER(SEARCH("GTX",X13))+ISNUMBER(SEARCH("nvidia",X13))+ISNUMBER(SEARCH("Radeon RX",X13))>0,"Dedicated","Integrated")) -> Integrated | AA13: =IF(ISNUMBER(SEARCH("RTX",X13)),TRIM(MID(X13,SEARCH("RTX",X13),8)),IF(X13="","Unknown",IF(Z13="Dedicated","Dedicated (model n/a)","Integrated"))) -> Integrated | AB13: =IF(ISNUMBER(G13),INDEX(Params!$E$5:$E$9,MATCH(G13,Params!$D$5:$D$9,1)),"Unknown") -> 200–300 M | AC13: =IF(AND(ISNUMBER(G13),ISNUMBER(Q13)),IF(Q13>0,G13/Q13,""),"") -> 9.3958333 | AD13: =IF(OR(p_excl=0,ISNUMBER(SEARCH("لپ",B13))),1,0) -> 1 | AE13: =IF(AND(AD13=1,OR(fBrand="All",D13=fBrand),OR(fCPU="All",O13=fCPU),OR(fGPU="All",Z13=fGPU),OR(fTier="All",AB13=fTier),OR(fRAM="All",R13=fRAM)),1,0) -> 1 | AF13: =IF(AND(AE13=1,ISNUMBER(G13)),1,0) -> 1 | AG13: =IF(AND(AE13=1,L13>0),1,0) -> 1 | AH13: =IF(AF13=1,G13,"") -> 225.5 | AI13: =IF(COUNTIF($D$2:D13,D13)=1,MAX($AI$1:AI12)+1,"") | AJ13: =IF(COUNTIF($P$2:P13,P13)=1,MAX($AJ$1:AJ12)+1,"") | AK13: =IF(AG13=1,M13+ROW()/1000000000,"") -> 4.5227273 | AL13: =IF(AND(AE13=1,I13>0),I13+ROW()/1000000000,"") | AM13: =IF(AND(AF13=1,ISNUMBER(W13),Z13="Dedicated"),1,0) -> 0 | AN13: =SUM($AM$2:AM13) -> 3 | AO13: =IF(AND(AF13=1,ISNUMBER(W13),Z13<>"Dedicated"),1,0) -> 1 | AP13: =SUM($AO$2:AO13) -> 7 | AQ13: =IF(AND(AF13=1,AG13=1),1,0) -> 1 | AR13: =SUM($AQ$2:AQ13) -> 12 | AS13: =IF(AQ13=1,G13,0) -> 225.5 | AT13: =IF(AQ13=1,K13,0) -> 5 | AU13: =TRIM(IF(Raw!N13="","weight missing; ","")&IF(Raw!K13="","storage missing; ","")&IF(ISNUMBER(FIND(" و ",Raw!K13)),"dual storage - SSD part used; ","")&IF(ISNUMBER(SEARCH("TB",Raw!K13)),"storage written as TB; ","")&IF(Raw!I13="","cpu missing; ","")&IF(Raw!M13="","gpu missing; ","")&IF(Raw!J13="","ram missing; ","")&IF(Raw!L13="","screen missing; ",""))
... A101: =Raw!A101 -> 127788 | B101: =Raw!B101 -> لپ تاپ ایسوس 15.6 اینچی مدل ExpertBook P1503CVA i7 13620H 16GB 512GB Fingerprint | C101: =LOWER(TRIM(Raw!C101)) -> asus | D101: =IFERROR(INDEX(Params!$B$5:$B$13,MATCH(C101,Params!$A$5:$A$13,0)),PROPER(C101)) -> ASUS | E101: =IF(Raw!F101,"Available","Out of stock") -> Available | F101: =IF(Raw!D101="","",Raw!D101) -> 255700000 | G101: =IF(ISNUMBER(F101),F101/1000000,"") -> 255.7 | H101: =IF(Raw!E101="","",Raw!E101) | I101: =IF(AND(ISNUMBER(H101),ISNUMBER(F101)),IF(H101>F101,(H101-F101)/H101,0),0) -> 0 | J101: =IF(I101>0,1,0) -> 0 | K101: =Raw!G101 -> 4.4 | L101: =Raw!H101 -> 21 | M101: =IF(L101>0,(L101*K101+p_m*p_c)/(L101+p_m),"") -> 4.4241935 | N101: =IF(Raw!I101="","",TRIM(Raw!I101)) -> Core i7 13620H | O101: =IF(N101="","Unknown",IF(LEFT(N101,5)="Apple","Apple",IF(LEFT(N101,5)="Ryzen","AMD","Intel"))) -> Intel | P101: =IF(N101="","Unknown",IF(LEFT(N101,5)="Apple","Apple Silicon",IF(LEFT(N101,8)="Ryzen AI","Ryzen AI",TRIM(LEFT(N101,7))))) -> Core i7 | Q101: =IFERROR(VALUE(LEFT(Raw!J101,FIND(" ",Raw!J101)-1)),"") -> 16 | R101: =IF(NOT(ISNUMBER(Q101)),"Unknown",IF(Q101<=8,"≤ 8 GB",IF(Q101<=16,"12–16 GB","20 GB +"))) -> 12–16 GB | S101: =IF(Raw!K101="","",IF(ISNUMBER(FIND(" و ",Raw!K101)),TRIM(MID(Raw!K101,FIND(" و ",Raw!K101)+3,100)),TRIM(Raw!K101))) -> 512 گیگابایت | T101: =IF(S101="","",IFERROR(IFERROR(VALUE(LEFT(S101,FIND(" ",S101)-1)),VALUE(LEFT(S101,LEN(S101)-2)))*IF(OR(ISNUMBER(SEARCH("ترابایت",S101)),ISNUMBER(SEARCH("TB",S101))),1024,1),"")) -> 512 | U101: =IF(NOT(ISNUMBER(T101)),"Unknown",IF(T101<=256,"≤ 256 GB",IF(T101<=512,"512 GB","1 TB +"))) -> 512 GB | V101: =IFERROR(VALUE(SUBSTITUTE(LEFT(Raw!L101,FIND(" ",Raw!L101)-1),".",MID(1/2,2,1))),"") -> 15.6 | W101: =IFERROR(VALUE(SUBSTITUTE(LEFT(Raw!N101,FIND(" ",Raw!N101)-1),".",MID(1/2,2,1))),"") -> 1.63 | X101: =IF(Raw!M101="","",TRIM(Raw!M101)) -> Intel UHD Graphics | Y101: =IF(X101="","Unknown",IF(ISNUMBER(SEARCH("nvidia",X101)),"NVIDIA",IF(ISNUMBER(SEARCH("amd",X101)),"AMD",IF(ISNUMBER(SEARCH("apple",X101)),"Apple",IF(ISNUMBER(SEARCH("intel",X101)),"Intel","Other"))))) -> Intel | Z101: =IF(X101="","Unknown",IF(ISNUMBER(SEARCH("RTX",X101))+ISNUMBER(SEARCH("GTX",X101))+ISNUMBER(SEARCH("nvidia",X101))+ISNUMBER(SEARCH("Radeon RX",X101))>0,"Dedicated","Integrated")) -> Integrated | AA101: =IF(ISNUMBER(SEARCH("RTX",X101)),TRIM(MID(X101,SEARCH("RTX",X101),8)),IF(X101="","Unknown",IF(Z101="Dedicated","Dedicated (model n/a)","Integrated"))) -> Integrated | AB101: =IF(ISNUMBER(G101),INDEX(Params!$E$5:$E$9,MATCH(G101,Params!$D$5:$D$9,1)),"Unknown") -> 200–300 M | AC101: =IF(AND(ISNUMBER(G101),ISNUMBER(Q101)),IF(Q101>0,G101/Q101,""),"") -> 15.98125 | AD101: =IF(OR(p_excl=0,ISNUMBER(SEARCH("لپ",B101))),1,0) -> 1 | AE101: =IF(AND(AD101=1,OR(fBrand="All",D101=fBrand),OR(fCPU="All",O101=fCPU),OR(fGPU="All",Z101=fGPU),OR(fTier="All",AB101=fTier),OR(fRAM="All",R101=fRAM)),1,0) -> 1 | AF101: =IF(AND(AE101=1,ISNUMBER(G101)),1,0) -> 1 | AG101: =IF(AND(AE101=1,L101>0),1,0) -> 1 | AH101: =IF(AF101=1,G101,"") -> 255.7 | AI101: =IF(COUNTIF($D$2:D101,D101)=1,MAX($AI$1:AI100)+1,"") | AJ101: =IF(COUNTIF($P$2:P101,P101)=1,MAX($AJ$1:AJ100)+1,"") | AK101: =IF(AG101=1,M101+ROW()/1000000000,"") -> 4.4241936 | AL101: =IF(AND(AE101=1,I101>0),I101+ROW()/1000000000,"") | AM101: =IF(AND(AF101=1,ISNUMBER(W101),Z101="Dedicated"),1,0) -> 0 | AN101: =SUM($AM$2:AM101) -> 33 | AO101: =IF(AND(AF101=1,ISNUMBER(W101),Z101<>"Dedicated"),1,0) -> 1 | AP101: =SUM($AO$2:AO101) -> 60 | AQ101: =IF(AND(AF101=1,AG101=1),1,0) -> 1 | AR101: =SUM($AQ$2:AQ101) -> 99 | AS101: =IF(AQ101=1,G101,0) -> 255.7 | AT101: =IF(AQ101=1,K101,0) -> 4.4 | AU101: =TRIM(IF(Raw!N101="","weight missing; ","")&IF(Raw!K101="","storage missing; ","")&IF(ISNUMBER(FIND(" و ",Raw!K101)),"dual storage - SSD part used; ","")&IF(ISNUMBER(SEARCH("TB",Raw!K101)),"storage written as TB; ","")&IF(Raw!I101="","cpu missing; ","")&IF(Raw!M101="","gpu missing; ","")&IF(Raw!J101="","ram missing; ","")&IF(Raw!L101="","screen missing; ",""))

Sheet Raw
A1: id | B1: name | C1: brand | D1: price | E1: old_price | F1: available | G1: rating | H1: rating_count | I1: cpu | J1: ram | K1: storage | L1: screen_size | M1: gpu | N1: weight
A2: 60492 | B2: لپ تاپ لنوو 15.6 اینچی مدل IdeaPad Slim 3 i3 1315U 8GB 512GB | C2: lenovo | D2: 125499000 | E2: 126000000 | F2: =TRUE() -> TRUE | G2: 4.2 | H2: 45 | I2: Core i3 1315U | J2: 8 گیگابایت | K2: 512 گیگابایت | L2: 15.6 اینچ | M2: Intel UHD Graphics | N2: 1.6 کیلوگرم
A3: 511107 | B3: لپ تاپ ام اس آی 15.6 اینچی مدل Cyborg 15 A13UC i7 13620H 16GB 1TB RTX 3050 | C3: msi | D3: 272000000 | F3: =TRUE() -> TRUE | G3: 5 | H3: 2 | I3: Core i7 13620H | J3: 16 گیگابایت | K3: 1 ترابایت | L3: 15.6 اینچ | M3: NVIDIA GeForce RTX 3050 | N3: 1.98 کیلوگرم
A4: 133524 | B4: لپ تاپ لنوو 15.3 اینچی مدل IdeaPad Slim 3 i5 13420H 16GB 512GB | C4: lenovo | D4: 185000000 | F4: =TRUE() -> TRUE | G4: 3.8 | H4: 36 | I4: Core i5 13420H | J4: 16 گیگابایت | K4: 512 گیگابایت | L4: 15.3 اینچ | M4: Intel UHD Graphics
A5: 61555 | B5: لپ تاپ ایسوس 14 اینچی مدل Vivobook E410KA Celeron N4500 4GB 256GB 64GB | C5: asus | D5: 65500000 | F5: =TRUE() -> TRUE | G5: 4 | H5: 24 | I5: Celeron N4500 | J5: 4 گیگابایت | K5: 64 گیگابایت و 256 گیگابایت حافظه SSD | L5: 14 اینچ | M5: Intel UHD Graphics | N5: 1.30 کیلوگرم
A6: 239877 | B6: لپ تاپ اچ پی 15.6 اینچی مدل Victus 15 FA2082WM i5 13420H 16GB 512GB RTX4050 | C6: hp | D6: 275000000 | E6: 285000000 | F6: =TRUE() -> TRUE | G6: 4.2 | H6: 36 | I6: Core i5 13420H | J6: 16 گیگابایت | K6: 512 گیگابایت | L6: 15.6 اینچ | M6: NVIDIA GeForce RTX 4050 | N6: 2.29 کیلوگرم
A7: 134276 | B7: لپ تاپ 15.6 اینچی اچ پی مدل Victus 15 FA2013DX i5 13420H 16GB 512GB RTX 3050 | C7: hp | D7: 242000000 | F7: =TRUE() -> TRUE | G7: 4.4 | H7: 32 | I7: Core i5 13420H | J7: 16 گیگابایت | K7: 512 گیگابایت | L7: 15.6 اینچ | M7: NVIDIA GeForce RTX 3050 | N7: 2.2 کیلوگرم
A8: 133168 | B8: لپ تاپ لنوو 15.3 اینچی مدل IdeaPad Slim 3 i7 13620H 16GB 512GB | C8: lenovo | D8: 220200000 | F8: =TRUE() -> TRUE | G8: 3.2 | H8: 11 | I8: Core i7 13620H | J8: 16 گیگابایت | K8: 512 گیگابایت | L8: 15.3 اینچ | M8: Intel UHD Graphics
A9: 106793 | B9: لپ تاپ 15.6 اینچی لنوو مدل IdeaPad 1 15IJL7 Celeron N4500 8GB 256GB | C9: lenovo | D9: 94500000 | F9: =TRUE() -> TRUE | G9: 4.7 | H9: 6 | I9: Celeron N4500 | J9: 8 گیگابایت | K9: 256 گیگابایت | L9: 15.6 اینچ | M9: Intel UHD Graphics | N9: 1.55 کیلوگرم
A10: 66798 | B10: لپ تاپ ایسوس 15.6 اینچی مدل Vivobook X1504VA Core 7 ۱۵۰U 16GB 512GB | C10: asus | D10: 196600000 | F10: =TRUE() -> TRUE | G10: 5 | H10: 1 | I10: Core 7 150U | J10: 16 گیگابایت | K10: 512 گیگابایت | L10: 15.6 اینچ | M10: Intel | N10: 1.7 کیلوگرم
A11: 49420 | B11: لپ تاپ لنوو 15.6 اینچی مدل V15 G4 i5 13420H 16GB 512GB SSD | C11: lenovo | D11: 178000000 | F11: =TRUE() -> TRUE | G11: 4.1 | H11: 36 | I11: Core i5 13420H | J11: 16 گیگابایت | K11: 512 گیگابایت | L11: 15.6 اینچ | M11: Intel UHD Graphics | N11: 1.6 کیلوگرم
A12: 31158 | B12: لپ تاپ ایسوس 15.6 اینچی مدل Vivobook 15 X1504VA i7 1355U 16GB 512GB | C12: asus | D12: 199300000 | F12: =TRUE() -> TRUE | G12: 4.1 | H12: 50 | I12: Core i7 1355U | J12: 16 گیگابایت | K12: 512 گیگابایت | L12: 15.6 اینچ | M12: Intel Intel Iris Xe | N12: 1.7 کیلوگرم
A13: 382470 | B13: لپ تاپ ایسوس 15.6 اینچی مدل Vivobook X1504VA Core 7 ۱۵۰U 24GB 1TB | C13: asus | D13: 225500000 | F13: =TRUE() -> TRUE | G13: 5 | H13: 1 | I13: Core 7 150U | J13: 24 گیگابایت | K13: 1 ترابایت | L13: 15.6 اینچ | M13: Intel | N13: 1.7 کیلوگرم
A14: 60364 | B14: لپ تاپ لنوو 15.6 اینچی مدل IdeaPad Slim 3 i3 1315U 8GB 256GB | C14: lenovo | D14: 117999000 | E14: 120000000 | F14: =TRUE() -> TRUE | G14: 3.7 | H14: 30 | I14: Core i3 1315U | J14: 8 گیگابایت | K14: 256 گیگابایت | L14: 15.6 اینچ | M14: Intel UHD Graphics | N14: 1.6 کیلوگرم
A15: 594208 | B15: لپ تاپ ایسوس 15.6 اینچی مدل Vivobook F1504VA Core 5 120U 16GB 512GB | C15: asus | D15: 181000000 | F15: =TRUE() -> TRUE | G15: 5 | H15: 1 | I15: Core 5 120U | J15: 16 گیگابایت | K15: 512 گیگابایت | L15: 15.6 اینچ | M15: Intel | N15: 1.7 کیلوگرم
A16: 435739 | B16: لپ تاپ 13 اینچی اپل مدل MacBook Neo A18 Pro 2026 8GB 512GB | C16: apple | D16: 245730000 | F16: =TRUE() -> TRUE | G16: 4.5 | H16: 2 | I16: Apple A18 Pro | J16: 8 گیگابایت | K16: 512 گیگابایت | L16: 13 اینچ | M16: Apple | N16: 1.23 کیلوگرم
A17: 435289 | B17: لپ تاپ 13 اینچی اپل مدل MacBook Neo A18 Pro 2026 8GB 256GB | C17: apple | D17: 217470000 | F17: =TRUE() -> TRUE | G17: 4.7 | H17: 13 | I17: Apple A18 Pro | J17: 8 گیگابایت | K17: 256 گیگابایت | L17: 13 اینچ | M17: Apple | N17: 1.23 کیلوگرم
A18: 38034 | B18: لپ تاپ ایسوس 15.6 اینچی مدل Vivobook 15 X1504VA i3 1315U 8GB 512GB | C18: asus | D18: 149500000 | F18: =TRUE() -> TRUE | G18: 4.1 | H18: 48 | I18: Core i3 1315U | J18: 8 گیگابایت | K18: 512 گیگابایت | L18: 15.6 اینچ | M18: Intel UHD Graphics | N18: 1.7 کیلوگرم
A19: 593941 | B19: لپ تاپ اچ پی 16 اینچی مدل OmniBook 5 Next Gen AI 16 ag1070wm Ryzen AI 7 350 16GB 512GB | C19: hp | D19: 215000000 | E19: 220000000 | F19: =TRUE() -> TRUE | G19: 5 | H19: 1 | I19: Ryzen AI 7 350 | J19: 16 گیگابایت | K19: 512 گیگابایت | L19: 16 اینچ | M19: AMD Radeon Graphics | N19: 1.79 کیلوگرم
A20: 314753 | B20: لپ تاپ اچ پی 15.6 اینچی مدل HP 255R G10 R5 7535U 16GB 512GB | C20: hp | D20: 165000000 | F20: =TRUE() -> TRUE | G20: 5 | H20: 1 | I20: Ryzen 5 7535U | J20: 16 گیگابایت | K20: 512 گیگابایت | L20: 15.6 اینچ | M20: AMD | N20: 1.66 کیلوگرم
A21: 132007 | B21: لپ تاپ 15.6 اینچی اچ پی مدل Victus 15 FA2013DX i5 13420H 8GB 512GB RTX 3050 | C21: hp | D21: 229000000 | E21: 240000000 | F21: =TRUE() -> TRUE | G21: 4.3 | H21: 24 | I21: Core i5 13420H | J21: 8 گیگابایت | K21: 512 گیگابایت | L21: 15.6 اینچ | M21: NVIDIA GeForce RTX 3050 | N21: 2.2 کیلوگرم
A22: 62437 | B22: لپ تاپ لنوو 15.6 اینچی IdeaPad Slim 3 R3 7320U 8GB 512GB | C22: lenovo | D22: 126000000 | F22: =TRUE() -> TRUE | G22: 4.3 | H22: 20 | I22: Ryzen 3 7320U | J22: 8 گیگابایت | K22: 512 گیگابایت | L22: 15.6 اینچ | M22: AMD Radeon 610M | N22: 1.6 کیلوگرم
A23: 517770 | B23: لپ تاپ ایسوس 15.6 اینچی مدل Vivobook X1504VA Core 7 150U 8GB 512GB IPS | C23: asus | D23: 182000000 | F23: =TRUE() -> TRUE | G23: 3 | H23: 1 | I23: Core 7 150U | J23: 8 گیگابایت | K23: 512 گیگابایت | L23: 15.6 اینچ | M23: Intel | N23: 1.7 کیلوگرم
A24: 430767 | B24: لپ تاپ ایسوس 15.6 اینچی مدل VivoBook E1504FA R5 7520U 8GB 512GB IPS | C24: asus | D24: 142000000 | F24: =TRUE() -> TRUE | G24: 5 | H24: 1 | I24: Ryzen 5 7520U | J24: 8 گیگابایت | K24: 512 گیگابایت | L24: 15.6 اینچ | M24: AMD Radeon Graphics | N24: 1.6 کیلوگرم
A25: 259579 | B25: لپ تاپ ام اس آی 15.6 اینچی مدل KATANA 15 HX B14WFK Core i7 14650HX 16GB 1TB RTX 5060 | C25: msi | D25: 400000000 | F25: =TRUE() -> TRUE | G25: 4.5 | H25: 2 | I25: Core i7 14650HX | J25: 16 گیگابایت | K25: 1 ترابایت | L25: 15.6 اینچ | M25: NVIDIA GeForce RTX 5060 | N25: 2.4 کیلوگرم
A26: 133971 | B26: لپ تاپ لنوو 15.3 اینچی مدل IdeaPad Slim 3 i7 13620H 16GB 1TB | C26: lenovo | D26: 234000000 | F26: =TRUE() -> TRUE | G26: 4.1 | H26: 29 | I26: Core i7 13620H | J26: 16 گیگابایت | K26: 1 ترابایت | L26: 15.3 اینچ | M26: Intel UHD Graphics
A27: 49422 | B27: لپ تاپ لنوو 15.6 اینچی مدل V15 G4 i5 13420H 8GB 512GB | C27: lenovo | D27: 155000000 | F27: =TRUE() -> TRUE | G27: 3.8 | H27: 20 | I27: Core i5 13420H | J27: 8 گیگابایت | K27: 512 گیگابایت | L27: 15.6 اینچ | M27: Intel UHD Graphics | N27: 1.6 کیلوگرم
A28: 35550 | B28: لپ تاپ لنوو 15.6 اینچی مدل LOQ 15IRX9 i7 13650HX 16GB 512GB RTX3050 | C28: lenovo | D28: 308000000 | F28: =TRUE() -> TRUE | G28: 4.3 | H28: 36 | I28: Core i7 13650HX | J28: 16 گیگابایت | K28: 512 گیگابایت | L28: 15.6 اینچ | M28: NVIDIA GeForce RTX 3050 | N28: 2.4 کیلوگرم
A29: 518235 | B29: لپ تاپ ایسوس 15.6 اینچی مدل Vivobook X1504VA Core 7 150U 16GB 512GB IPS | C29: asus | D29: 199900000 | F29: =TRUE() -> TRUE | G29: 5 | H29: 1 | I29: Core 7 150U | J29: 16 گیگابایت | K29: 512 گیگابایت | L29: 15.6 اینچ | M29: Intel | N29: 1.7 کیلوگرم
A30: 316871 | B30: لپ تاپ لنوو 15.6 اینچی مدل LOQ i5 13450HX 16GB 512GB RTX 5050 | C30: lenovo | D30: 346000000 | F30: =TRUE() -> TRUE | G30: 4.6 | H30: 9 | I30: Core i5 13450HX | J30: 16 گیگابایت | K30: 512 گیگابایت | L30: 15.6 اینچ | M30: NVIDIA GeForce RTX 5050 | N30: 2.4 کیلوگرم
A31: 313735 | B31: لپ تاپ 15.6 اینچی ایسوس مدل ExpertBook B1503CVA i5 1334U 16GB 512GB | C31: asus | D31: 195600000 | F31: =TRUE() -> TRUE | G31: 5 | H31: 1 | I31: Core i5 1334U | J31: 16 گیگابایت | K31: 512 گیگابایت | L31: 15.6 اینچ | M31: intel Intel Iris Xe | N31: 1.63 کیلوگرم
A32: 165916 | B32: گوشی موبايل سامسونگ مدل Galaxy S25 FE ظرفیت 256 گیگابایت رم 8 گیگابایت - ویتنام | C32: samsung | D32: 198500000 | F32: =TRUE() -> TRUE | G32: 4 | H32: 198
A33: 276553 | B33: لپ تاپ ایسر 15.6 اینچی مدل Aspire 5 A15 i5 13420H 8GB 512GB | C33: acer | D33: 149000000 | F33: =TRUE() -> TRUE | G33: 5 | H33: 1 | I33: Core i5 13420H | J33: 8 گیگابایت | K33: 512 گیگابایت | L33: 15.6 اینچ | M33: Intel UHD Graphics | N33: 1.77 کیلوگرم
A34: 74107 | B34: لپ تاپ 15.6 اینچ اچ پی مدل Victus 15 FA1082WM i5 13420H 16GB 512GB RTX 4050 | C34: hp | D34: 259000000 | F34: =TRUE() -> TRUE | G34: 4.5 | H34: 15 | I34: Core i5 13420H | J34: 16 گیگابایت | K34: 512 گیگابایت | L34: 15.6 اینچ | M34: NVIDIA GeForce RTX 4050 | N34: 2.29 کیلوگرم
A35: 61558 | B35: لپ تاپ ایسوس 14 اینچی مدل Vivobook E410KA Celeron N4500 4GB 64GB | C35: asus | D35: 69600000 | F35: =TRUE() -> TRUE | G35: 4.1 | H35: 27 | I35: Celeron N4500 | J35: 4 گیگابایت | K35: 64 گیگابایت | L35: 14 اینچ | M35: Intel UHD Graphics | N35: 1.30 کیلوگرم
A36: 61554 | B36: لپ تاپ ایسوس 14 اینچی مدل Vivobook E410KA Celeron N4500 4GB 512GB 64GB | C36: asus | D36: 69500000 | F36: =TRUE() -> TRUE | G36: 3.8 | H36: 27 | I36: Celeron N4500 | J36: 4 گیگابایت | K36: 64 گیگابایت و 512 گیگابایت حافظه SSD | L36: 14 اینچ | M36: Intel UHD Graphics | N36: 1.30 کیلوگرم
A37: 33510 | B37: لپ تاپ لنوو 15.6 اینچی V15 N4500 8GB 256GB | C37: lenovo | D37: 92500000 | F37: =TRUE() -> TRUE | G37: 3.4 | H37: 27 | I37: Celeron N4500 | J37: 8 گیگابایت | K37: 256 گیگابایت | L37: 15.6 اینچ | M37: Intel UHD Graphics | N37: 1.7 کیلوگرم
A38: 32624 | B38: لپ تاپ ایسوس 15.6 اینچی مدل Vivobook 15 X1504VA i7 1355U 24GB 1TB | C38: asus | D38: 228500000 | F38: =TRUE() -> TRUE | G38: 4.3 | H38: 71 | I38: Core i7 1355U | J38: 24 گیگابایت | K38: 1 ترابایت | L38: 15.6 اینچ | M38: Intel Intel Iris Xe | N38: 1.7 کیلوگرم
A39: 302953 | B39: لپ تاپ ایسر 15.6 اینچی مدل Aspire Lite AL15 i5 13500H 8GB 512GB | C39: acer | D39: 156200000 | F39: =TRUE() -> TRUE | G39: 5 | H39: 1 | I39: Core i5 13500H | J39: 8 گیگابایت | K39: 512 گیگابایت | L39: 15.6 اینچ | M39: INTEL UHD Graphics | N39: 1.7 کیلوگرم
A40: 239916 | B40: لپ تاپ اچ پی 15.6 اینچی مدل Victus 15 FA2082WM i5 13420H 32GB 1TB RTX4050 | C40: hp | D40: 310000000 | F40: =TRUE() -> TRUE | G40: 5 | H40: 7 | I40: Core i5 13420H | J40: 32 گیگابایت | K40: 1TB | L40: 15.6 اینچ | M40: NVIDIA GeForce RTX 4050 | N40: 2.29 کیلوگرم
A41: 168498 | B41: لپ تاپ ایسوس 15.6 اینچی مدل Vivobook 15 X1504VA i3 1315U 16GB 512GB | C41: asus | D41: 159500000 | F41: =TRUE() -> TRUE | G41: 3 | H41: 1 | I41: Core i3 1315U | J41: 16 گیگابایت | K41: 512 گیگابایت | L41: 15.6 اینچ | M41: Intel UHD Graphics | N41: 1.7 کیلوگرم
A42: 160826 | B42: لپ تاپ ایسوس 16 اینچی مدل TUF Gaming F16 FX608JMR i7 14650HX 16GB 1TB RTX 5060 | C42: asus | D42: 437500000 | F42: =TRUE() -> TRUE | G42: 5 | H42: 1 | I42: Core i7 14650HX | J42: 16 گیگابایت | K42: 1 ترابایت | L42: 16 اینچ | M42: NVIDIA GeForce RTX 5060 | N42: 2.2 کیلوگرم
A43: 149622 | B43: لپ تاپ ایسوس 16 اینچی مدل TUF Gaming F16 FX608JMR i7 14650HX 32GB 1TB RTX 5060 | C43: asus | D43: 495500000 | F43: =TRUE() -> TRUE | G43: 4.6 | H43: 9 | I43: Core i7 14650HX | J43: 32 گیگابایت | K43: 1 ترابایت | L43: 16 اینچ | M43: NVIDIA GeForce RTX 5060 | N43: 2.2 کیلوگرم
A44: 76175 | B44: لپ تاپ ایسوس 16 اینچی مدل Vivobook 16 F1605VA Core i7 1355U 16GB 512GB | C44: asus | D44: 224000000 | F44: =TRUE() -> TRUE | G44: 4.1 | H44: 21 | I44: Core i7 1355U | J44: 16 گیگابایت | K44: 512 گیگابایت | L44: 16 اینچ | M44: Intel UHD Graphics
A45: 60756 | B45: لپ تاپ ایسوس 15.6 اینچی مدل Vivobook 15 X1504ZA i3 1215U 16GB 512GB | C45: asus | D45: 137500000 | F45: =TRUE() -> TRUE | G45: 5 | H45: 1 | I45: Core i3 1215U | J45: 16 گیگابایت | K45: 512 گیگابایت | L45: 15.6 اینچ | M45: Intel UHD Graphics | N45: 1.7 کیلوگرم
A46: 240045 | B46: لپ تاپ لنوو 15.3 اینچی مدل IdeaPad Slim 3 i5 13420H 8GB 512GB WUXGA Backlit | C46: lenovo | D46: 160000000 | F46: =TRUE() -> TRUE | G46: 5 | H46: 2 | I46: Core i5 13420H | J46: 8 گیگابایت | K46: 512 گیگابایت | L46: 15.3 اینچ | M46: Intel UHD Graphics
A47: 169781 | B47: لپ تاپ ایسوس 16 اینچی مدل ROG Strix G16 G615JMR i7 14650HX 16GB 1TB RTX 5060 | C47: asus | D47: 504000000 | F47: =TRUE() -> TRUE | G47: 5 | H47: 4 | I47: Core i7 14650HX | J47: 16 گیگابایت | K47: 1 ترابایت | L47: 16 اینچ | M47: NVIDIA GeForce RTX 5060 | N47: 2.65 کیلوگرم
A48: 168233 | B48: لپ تاپ لنوو 15.6 اینچی مدل LOQ i7 14700HX 16GB 1TB RTX 5060 | C48: lenovo | D48: 423500000 | F48: =TRUE() -> TRUE | G48: 5 | H48: 1 | I48: Core i7 14700HX | J48: 16 گیگابایت | K48: 1 ترابایت | L48: 15.6 اینچ | M48: NVIDIA GeForce RTX 5060 | N48: 2.38 کیلوگرم
A49: 134279 | B49: لپ تاپ 15.6 اینچی اچ پی مدل Victus 15 FA2013DX i5 13420H 16GB 1TB RTX 3050 | C49: hp | D49: 250000000 | F49: =TRUE() -> TRUE | G49: 4.2 | H49: 25 | I49: Core i5 13420H | J49: 16 گیگابایت | K49: 1 ترابایت | L49: 15.6 اینچ | M49: NVIDIA GeForce RTX 3050 | N49: 2.2 کیلوگرم
A50: 107599 | B50: لپ تاپ 15.6 اینچی لنوو مدل IdeaPad 1 15IJL7 Celeron N4500 16GB 256GB | C50: lenovo | D50: 117000000 | F50: =TRUE() -> TRUE | G50: 4 | H50: 21 | I50: Celeron N4500 | J50: 16 گیگابایت | K50: 256 گیگابایت | L50: 15.6 اینچ | M50: Intel UHD Graphics | N50: 1.55 کیلوگرم
A51: 107598 | B51: لپ تاپ 15.6 اینچی لنوو مدل IdeaPad 1 15IJL7 Celeron N4500 8GB 1TB | C51: lenovo | D51: 121000000 | F51: =TRUE() -> TRUE | G51: 3.8 | H51: 19 | I51: Celeron N4500 | J51: 8 گیگابایت | K51: 1 ترابایت | L51: 15.6 اینچ | M51: Intel UHD Graphics | N51: 1.55 کیلوگرم
A52: 107597 | B52: لپ تاپ 15.6 اینچی لنوو مدل IdeaPad 1 15IJL7 Celeron N4500 8GB 512GB | C52: lenovo | D52: 107900000 | F52: =TRUE() -> TRUE | G52: 3.8 | H52: 21 | I52: Celeron N4500 | J52: 8 گیگابایت | K52: 512 گیگابایت | L52: 15.6 اینچ | M52: Intel UHD Graphics | N52: 1.55 کیلوگرم
A53: 67260 | B53: لپ تاپ ایسوس 15.6 اینچی مدل Vivobook X1504VA Core 7 ۱۵۰U 8GB 512GB | C53: asus | D53: 168200000 | F53: =TRUE() -> TRUE | G53: 1 | H53: 1 | I53: Core 7 150U | J53: 8 گیگابایت | K53: 512 گیگابایت | L53: 15.6 اینچ | M53: Intel | N53: 1.7 کیلوگرم
A54: 32617 | B54: لپ تاپ ایسوس 15.6 اینچی مدل Vivobook 15 X1504VA i7 1355U 16GB 1TB | C54: asus | D54: 210300000 | F54: =TRUE() -> TRUE | G54: 4.6 | H54: 30 | I54: Core i7 1355U | J54: 16 گیگابایت | K54: 1 ترابایت | L54: 15.6 اینچ | M54: Intel Intel Iris Xe | N54: 1.7 کیلوگرم
A55: 31463 | B55: لپ تاپ ایسوس 15.6 اینچی مدل VivoBook E1504GA i3 N305 8GB 256GB | C55: asus | D55: 119000000 | F55: =TRUE() -> TRUE | G55: 5 | H55: 1 | I55: Core i3 N305 | J55: 8 گیگابایت | K55: 256 گیگابایت | L55: 15.6 اینچ | M55: Intel UHD Graphics | N55: 1.63 کیلوگرم
A56: 592677 | B56: لپ تاپ 15.6 اینچی دل مدل 15 DC15250 Core i5 1334U 16GB 1TB | C56: dell | D56: 198300000 | F56: =TRUE() -> TRUE | G56: 4 | H56: 1 | I56: Core i5 Core i5-1334U | J56: 16 گیگابایت | L56: 15.6 اینچ | M56: NVIDIA | N56: 1.65 کیلوگرم
A57: 577951 | B57: لپ تاپ لنوو 15.6 اینچی مدل LOQ i7 13645HX 32GB 1TB RTX4050 | C57: lenovo | D57: 410000000 | F57: =TRUE() -> TRUE | G57: 5 | H57: 1 | I57: Core i7 13650HX | J57: 32 گیگابایت | L57: 15.6 اینچ | M57: NVIDIA GeForce RTX 4050 | N57: 2.4 کیلوگرم
A58: 520965 | B58: لپ تاپ ایسوس 16 اینچی مدل TUF Gaming FA607NUQ R7 170 12GB 512GB 6G RTX 4050 | C58: asus | D58: 299000000 | F58: =TRUE() -> TRUE | G58: 5 | H58: 1 | I58: Ryzen 7 170 | J58: 16 گیگابایت | K58: 512 گیگابایت | L58: 16 اینچ | M58: NVIDIA GeForce RTX 4050 | N58: 2.3 کیلوگرم
A59: 444114 | B59: لپ تاپ اپل 15.3 اینچی مدل MacBook Air MDVH4 M5 2026 16GB 512GB | C59: apple | D59: 459890000 | F59: =TRUE() -> TRUE | G59: 3 | H59: 1 | I59: Apple M5 M5 | J59: 16 گیگابایت | K59: 512 گیگابایت | L59: 15.3 اینچ | M59: Apple | N59: 1.24 کیلوگرم
A60: 442896 | B60: لپ تاپ اپل 13.6 اینچی مدل MacBook Air MDH74 M5 2026 16GB 512GB | C60: apple | D60: 380300000 | F60: =TRUE() -> TRUE | G60: 5 | H60: 1 | I60: Apple M5 M5 | J60: 16 گیگابایت | K60: 512 گیگابایت | L60: 13.6 اینچ | M60: Apple | N60: 1.24 کیلوگرم
A61: 239896 | B61: لپ تاپ اچ پی 15.6 اینچی مدل Victus 15 FA2082WM i5 13420H 16GB 1TB RTX4050 | C61: hp | D61: 280000000 | F61: =TRUE() -> TRUE | G61: 4.3 | H61: 6 | I61: Core i5 13420H | J61: 16 گیگابایت | K61: 1TB | L61: 15.6 اینچ | M61: NVIDIA GeForce RTX 4050 | N61: 2.29 کیلوگرم
A62: 239881 | B62: لپ تاپ اچ پی 15.6 اینچی مدل Victus 15 FA2082WM i5 13420H 32GB 512GB RTX4050 | C62: hp | D62: 314000000 | F62: =TRUE() -> TRUE | G62: 5 | H62: 2 | I62: Core i5 13420H | J62: 32 گیگابایت | K62: 512 گیگابایت | L62: 15.6 اینچ | M62: NVIDIA GeForce RTX 4050 | N62: 2.29 کیلوگرم
A63: 163901 | B63: لپ تاپ لنوو 15.6 اینچی V15 i7 13620H 16GB 512GB | C63: lenovo | D63: 215500000 | F63: =TRUE() -> TRUE | G63: 4.4 | H63: 5 | I63: Core i7 13620H | J63: 16 گیگابایت | K63: 512 گیگابایت | L63: 15.6 اینچ | M63: Intel UHD Graphics | N63: 1.65 کیلوگرم
A64: 132665 | B64: لپ تاپ لنوو 15.3 اینچی مدل IdeaPad Slim 3 i5 13420H 8GB 512GB | C64: lenovo | D64: 156000000 | F64: =TRUE() -> TRUE | G64: 4 | H64: 5 | I64: Core i5 13420H | J64: 8 گیگابایت | K64: 512 گیگابایت | L64: 15.3 اینچ | M64: Intel UHD Graphics
A65: 122016 | B65: لپ تاپ 16 اینچی ایسوس مدل TUF Gaming FX607VU CORE 5 210H 16GB 512GB RTX 4050 | C65: asus | D65: 312000000 | F65: =TRUE() -> TRUE | G65: 4.6 | H65: 22 | I65: Core 5 210H | J65: 16 گیگابایت | K65: 512 گیگابایت | L65: 16 اینچ | M65: NVIDIA GeForce RTX 4050 | N65: 2.2 کیلوگرم
A66: 114932 | B66: لپ تاپ لنوو 15.6 اینچی مدل IdeaPad 1 Celeron N4500 8GB 512GB FHD | C66: lenovo | D66: 102800000 | F66: =TRUE() -> TRUE | G66: 3.6 | H66: 19 | I66: Celeron N4500 | J66: 8 گیگابایت | K66: 512 گیگابایت | L66: 15.6 اینچ | M66: Intel UHD Graphics | N66: 1.55 کیلوگرم
A67: 73598 | B67: لپ تاپ ایسوس 15.6 اینچی مدل VivoBook Go 15 E1504FA R3 7320U 8GB 256GB | C67: asus | D67: 125800000 | F67: =TRUE() -> TRUE | G67: 5 | H67: 1 | I67: Ryzen 3 7320U | J67: 8 گیگابایت | K67: 256 گیگابایت | L67: 15.6 اینچ | M67: AMD Radeon Graphics | N67: 1.63 کیلوگرم
A68: 49411 | B68: لپ تاپ لنوو 15.6 اینچی مدل V15 G4 i5 13420H 16GB 1TB SSD | C68: lenovo | D68: 185000000 | F68: =TRUE() -> TRUE | G68: 4.3 | H68: 31 | I68: Core i5 13420H | J68: 16 گیگابایت | K68: 1 ترابایت | L68: 15.6 اینچ | M68: Intel UHD Graphics | N68: 1.6 کیلوگرم
A69: 46264 | B69: لپ تاپ لنوو 15.6 اینچی مدل V15 G4 i3 1315U 16GB 256GB | C69: lenovo | D69: 145800000 | F69: =TRUE() -> TRUE | G69: 4 | H69: 2 | I69: Core i3 1315U | J69: 16 گیگابایت | K69: 256 گیگابایت | L69: 15.6 اینچ | M69: Intel | N69: 1.6 کیلوگرم
A70: 44782 | B70: لپ تاپ لنوو 15.6 اینچی مدل LOQ 15IRX9 i5 13450HX 16GB 512GB RTX3050 | C70: lenovo | D70: 287000000 | F70: =TRUE() -> TRUE | G70: 3.3 | H70: 3 | I70: Core i5 13450HX | J70: 16 گیگابایت | K70: 512 گیگابایت | L70: 15.6 اینچ | M70: NVIDIA GeForce RTX 3050 | N70: 2.4 کیلوگرم
A71: 35283 | B71: لپ تاپ ایسوس 15.6 اینچی مدل Vivobook 15 X1504ZA i3 1215U 12GB 512GB | C71: asus | D71: 144000000 | F71: =TRUE() -> TRUE | G71: 5 | H71: 1 | I71: Core i3 1215U | J71: 12 گیگابایت | K71: 512 گیگابایت | L71: 15.6 اینچ | M71: Intel Intel Iris Xe | N71: 1.7 کیلوگرم
A72: 28961 | B72: لپ تاپ ایسوس 15.6 اینچی مدل Vivobook 15 X1504VA i7 1355U 8GB 512GB | C72: asus | D72: 187500000 | F72: =TRUE() -> TRUE | G72: 4.3 | H72: 24 | I72: Core i7 1355U | J72: 8 گیگابایت | K72: 512 گیگابایت | L72: 15.6 اینچ | M72: Intel Intel Iris Xe | N72: 1.7 کیلوگرم
A73: 608728 | B73: لپ تاپ ایسوس 15.6 اینچی مدل VivoBook E1504FA R5 40 8GB 256GB IPS | C73: asus | D73: 129900000 | F73: =TRUE() -> TRUE | G73: 5 | H73: 1 | I73: Ryzen 5 40 | J73: 8 گیگابایت | K73: 256 گیگابایت | L73: 15.6 اینچ | M73: AMD Radeon Graphics | N73: 1.6 کیلوگرم
A74: 597484 | B74: لپ تاپ ایسوس 16 اینچی مدل TUF Gaming F16 FX607VJB Core 5 210H 16GB 512GB RTX 3050 | C74: asus | D74: 277000000 | E74: 312000000 | F74: =TRUE() -> TRUE | G74: 5 | H74: 1 | I74: Core 5 210H | J74: 16 گیگابایت | K74: 512 گیگابایت | L74: 16 اینچ | M74: NVIDIA GeForce RTX 3050 | N74: 2.2 کیلوگرم
A75: 597249 | B75: لپ تاپ اچ پی 15.6 اینچی مدل HP 15-FC0124nia 15 Ryzen 3 7320U 8GB 512GB | C75: hp | D75: 127000000 | F75: =TRUE() -> TRUE | G75: 5 | H75: 1 | I75: Ryzen 3 7320U | J75: 8 گیگابایت | K75: 512 گیگابایت | L75: 15.6 اینچ | M75: AMD Radeon Graphics | N75: 1.59 کیلوگرم
A76: 588477 | B76: لپ تاپ ایسوس 16 اینچی مدل Vivobook X1605VA i7 13620H 16GB 1TB | C76: asus | D76: 249000000 | F76: =TRUE() -> TRUE | G76: 5 | H76: 1 | I76: Core i7 13620H | J76: 16 گیگابایت | K76: 1 ترابایت | L76: 16 اینچ | M76: Intel | N76: 1.8 کیلوگرم
A77: 588147 | B77: لپ تاپ 15.6 اینچی ایسوس مدل ExpertBook B1503CVA i3 1315U 8GB 512GB | C77: asus | D77: 155800000 | F77: =TRUE() -> TRUE | G77: 5 | H77: 1 | I77: Core i3 1315U | J77: 8 گیگابایت | K77: 512 گیگابایت | L77: 15.6 اینچ | M77: intel Intel Iris Xe | N77: 1.63 کیلوگرم
A78: 587920 | B78: لپ تاپ 15.6 اینچی ایسوس مدل ExpertBook B1503CVA i3 1315U 8GB 256GB | C78: asus | D78: 147200000 | F78: =TRUE() -> TRUE | G78: 5 | H78: 1 | I78: Core i3 1315U | J78: 8 گیگابایت | K78: 256 گیگابایت | L78: 15.6 اینچ | M78: intel Intel Iris Xe | N78: 1.63 کیلوگرم
A79: 584505 | B79: لپ تاپ اچ پی 16 اینچی مدل OmniBook X Flip 14 fm0013dx Ultra 5 226V 16GB 512GB | C79: hp | D79: 275000000 | F79: =TRUE() -> TRUE | G79: 5 | H79: 1 | I79: Ultra 5 226v | J79: 16 گیگابایت | K79: 512 گیگابایت | L79: 16 اینچ | M79: Intel Arc Graphics | N79: 1.39 کیلوگرم
A80: 520981 | B80: لپ تاپ ایسوس 16 اینچی مدل TUF Gaming FA607NUQ R7 170 16GB 1TB 6G RTX 4050 | C80: asus | D80: 315000000 | F80: =TRUE() -> TRUE | G80: 5 | H80: 1 | I80: Ryzen 7 170 | J80: 16 گیگابایت | K80: 1 ترابایت | L80: 16 اینچ | M80: NVIDIA GeForce RTX 4050 | N80: 2.3 کیلوگرم
A81: 518248 | B81: لپ تاپ ایسوس 15.6 اینچی مدل Vivobook X1504VA Core 7 150U 16GB 1TB IPS | C81: asus | D81: 222000000 | F81: =TRUE() -> TRUE | G81: 5 | H81: 1 | I81: Core 7 150U | J81: 16 گیگابایت | K81: 1 ترابایت | L81: 15.6 اینچ | M81: Intel | N81: 1.7 کیلوگرم
A82: 435939 | B82: لپ تاپ ام اس آی مدل VenturePro 15 A2RWEG Core 7 240H 16GB 1TB RTX 5050 | C82: msi | D82: 289000000 | E82: 300000000 | F82: =TRUE() -> TRUE | G82: 5 | H82: 1 | I82: Core 7 240H | J82: 16 گیگابایت | K82: 1 ترابایت | L82: 15.6 اینچ | M82: NVIDIA GeForce RTX 5050 | N82: 1.9 کیلوگرم
A83: 390689 | B83: لپ تاپ دل 15.6 اینچی مدل DC15250 V Core 3 100U 16GB 512GB | C83: dell | D83: 162200000 | F83: =TRUE() -> TRUE | G83: 5 | H83: 1 | I83: Core 3 100U | J83: 16 گیگابایت | K83: 512 گیگابایت | L83: 15.6 اینچ | M83: Intel UHD Graphics | N83: 1.9 کیلوگرم
A84: 382472 | B84: لپ تاپ ایسوس 15.6 اینچی مدل Vivobook X1504VA Core 7 ۱۵۰U 16GB 1TB | C84: asus | D84: 215500000 | F84: =TRUE() -> TRUE | G84: 4 | H84: 1 | I84: Core 7 150U | J84: 16 گیگابایت | K84: 1 ترابایت | L84: 15.6 اینچ | M84: Intel | N84: 1.7 کیلوگرم
A85: 379843 | B85: لپ تاپ ایسوس 15.6 اینچی مدل Vivobook 15 F1504VA Core5 120U 16GB 512GB Intel | C85: asus | D85: 187000000 | F85: =TRUE() -> TRUE | G85: 5 | H85: 1 | I85: Core 5 120U | J85: 16 گیگابایت | K85: 512 گیگابایت | L85: 15.6 اینچ | M85: Intel Intel Iris Xe | N85: 1.7 کیلوگرم
A86: 316877 | B86: لپ تاپ ایسوس 16 اینچی مدل TUF Gaming FA607NUG R7 7445HS 16GB 1TB RTX 4050 | C86: asus | D86: 344600000 | F86: =TRUE() -> TRUE | G86: 5 | H86: 1 | I86: Ryzen 7 7445HS | J86: 16 گیگابایت | K86: 1 ترابایت | L86: 16 اینچ | M86: NVIDIA GeForce RTX 4050 | N86: 2.3 کیلوگرم
A87: 313739 | B87: لپ تاپ 15.6 اینچی ایسوس مدل ExpertBook B1503CVA i5 1334U 20GB 512GB | C87: asus | D87: 223000000 | F87: =TRUE() -> TRUE | G87: 5 | H87: 1 | I87: Core i5 1334U | J87: 20 گیگابایت | K87: 512 گیگابایت | L87: 15.6 اینچ | M87: intel Intel Iris Xe | N87: 1.63 کیلوگرم
A88: 303390 | B88: لپ تاپ ایسوس 16 اینچی مدل TUF Gaming FA607NUG R7 7445HS 16GB 512GB RTX 4050 | C88: asus | D88: 333500000 | F88: =TRUE() -> TRUE | G88: 4.2 | H88: 13 | I88: Ryzen 7 7445HS | J88: 16 گیگابایت | K88: 512 گیگابایت | L88: 16 اینچ | M88: NVIDIA GeForce RTX 4050 | N88: 2.3 کیلوگرم
A89: 279504 | B89: لپ تاپ لنوو 15.6 اینچی مدل V15 G4 i7 13620H 16GB 512GB | C89: lenovo | D89: 204800000 | F89: =TRUE() -> TRUE | G89: 5 | H89: 1 | I89: Core i7 13620H | J89: 16 گیگابایت | K89: 512 گیگابایت | L89: 15.6 اینچ | M89: Intel | N89: 1.6 کیلوگرم
A90: 274838 | B90: لپ تاپ ام اس آی 15.6 اینچی مدل KATANA 15 HX B14WFK i9 14900HX 32GB 1TB RTX 5060 | C90: msi | D90: 479500000 | F90: =TRUE() -> TRUE | G90: 5 | H90: 1 | I90: Core i9 14900HX | J90: 32 گیگابایت | K90: 1 ترابایت | L90: 15.6 اینچ | M90: NVIDIA GeForce RTX 5060 | N90: 2.4 کیلوگرم
A91: 274721 | B91: لپ تاپ ام اس آی 15.6 اینچی مدل KATANA 15 HX B14WFK i9 14900HX 16GB 1TB RTX 5060 | C91: msi | D91: 440000000 | F91: =TRUE() -> TRUE | G91: 4.3 | H91: 3 | I91: Core i9 14900HX | J91: 16 گیگابایت | K91: 1 ترابایت | L91: 15.6 اینچ | M91: NVIDIA GeForce RTX 5060 | N91: 2.4 کیلوگرم
A92: 271345 | B92: لپ تاپ ایسوس 15.6 اینچی مدل ExpertBook P1503CVA i7 13620H 32GB 512GB IPS | C92: asus | D92: 324200000 | F92: =TRUE() -> TRUE | G92: 5 | H92: 1 | I92: Core i7 13620H | J92: 32 گیگابایت | K92: 512 گیگابایت | L92: 15.6 اینچ | M92: Intel Intel Iris Xe | N92: 1.63 کیلوگرم
A93: 208990 | B93: لپ تاپ اچ پی 16 اینچی مدل OmniBook X Flip 16-as0023dx Ultra 7 256V 16GB 1TB | C93: hp | D93: 272500000 | F93: =TRUE() -> TRUE | G93: 5 | H93: 1 | I93: Ultra 7 256V | J93: 16 گیگابایت | K93: 1 ترابایت | L93: 16 اینچ | M93: Intel Arc Graphics | N93: 1.9 کیلوگرم
A94: 174317 | B94: لپ تاپ ایسوس 16 اینچی مدل ROG Strix G16 G615JMR i7 14650HX 32GB 1TB RTX 5060 | C94: asus | D94: 549500000 | F94: =TRUE() -> TRUE | G94: 5 | H94: 1 | I94: Core i7 14650HX | J94: 32 گیگابایت | K94: 1 ترابایت | L94: 16 اینچ | M94: NVIDIA GeForce RTX 5060 | N94: 2.65 کیلوگرم
... A96: 167165 | B96: لپ تاپ لنوو 15.6 اینچی مدل LOQ i7 14700HX 16GB 1TB RTX 5050 | C96: lenovo | D96: 393000000 | F96: =TRUE() -> TRUE | G96: 5 | H96: 1 | I96: Core i7 14700HX | J96: 16 گیگابایت | K96: 1 ترابایت | L96: 15.6 اینچ | M96: NVIDIA GeForce RTX 5050 | N96: 2.38 کیلوگرم
A97: 162940 | B97: لپ تاپ 15.6 اینچی اچ پی مدل Victus 15 FB3093DX R7 7445HS 16GB 512GB RTX 4050 | C97: hp | D97: 299000000 | E97: 325000000 | F97: =TRUE() -> TRUE | G97: 4.1 | H97: 23 | I97: Ryzen 7 7445HS | J97: 16 گیگابایت | K97: 512 گیگابایت | L97: 15.6 اینچ | M97: NVIDIA GeForce RTX 4050 | N97: 2.3 کیلوگرم
A98: 161442 | B98: لپ تاپ لنوو 15.6 اینچی V15 R7 7730U 16GB 512GB | C98: lenovo | D98: 165000000 | F98: =TRUE() -> TRUE | G98: 4.5 | H98: 2 | I98: Ryzen 7 7730U | J98: 16 گیگابایت | K98: 512 گیگابایت | L98: 15.6 اینچ | M98: AMD | N98: 1.65 کیلوگرم
A99: 149663 | B99: لپ تاپ ایسوس 14 اینچی مدل Zenbook 14 UX3405CA Ultra 9 285H 32GB 1TB | C99: asus | D99: 469000000 | F99: =TRUE() -> TRUE | G99: 4.4 | H99: 25 | I99: Ultra 9 285H | J99: 32 گیگابایت | K99: 1 ترابایت | L99: 14 اینچ | M99: Intel Arc Graphics | N99: 1.28 کیلوگرم
A100: 149641 | B100: لپ تاپ 16 اینچی ایسوس مدل TUF Gaming FX607VJ CORE 5 210H 16GB 512GB RTX 3050 | C100: asus | D100: 295000000 | F100: =TRUE() -> TRUE | G100: 5 | H100: 1 | I100: Core 5 210H | J100: 16 گیگابایت | K100: 512 گیگابایت | L100: 16 اینچ | M100: NVIDIA GeForce RTX 3050 | N100: 2.2 کیلوگرم
A101: 127788 | B101: لپ تاپ ایسوس 15.6 اینچی مدل ExpertBook P1503CVA i7 13620H 16GB 512GB Fingerprint | C101: asus | D101: 255700000 | F101: =TRUE() -> TRUE | G101: 4.4 | H101: 21 | I101: Core i7 13620H | J101: 16 گیگابایت | K101: 512 گیگابایت | L101: 15.6 اینچ | M101: Intel UHD Graphics | N101: 1.63 کیلوگرم

Sheet Params
A1: Parameters & lookup lists
A2: Blue cells are inputs you can change; everything else is calculated.
A4: brand key (raw) | B4: brand display | D4: tier lower bound (M Toman) | E4: tier label | G4: parameter | H4: value | J4: Brand filter list | K4: CPU maker list | L4: GPU type list | M4: Price tier list | N4: RAM class list
A5: asus | B5: ASUS | D5: 0 | E5: < 100 M | G5: Bayesian prior weight m (votes) | H5: 10 | J5: All | K5: All | L5: All | M5: All | N5: All
A6: lenovo | B6: Lenovo | D6: 100 | E6: 100–200 M | G6: Prior mean C (avg rating of rated laptops) | H6: =AVERAGEIFS(Clean!$K$2:$K$101,Clean!$L$2:$L$101,">0") -> 4.475 | J6: =IFERROR(INDEX(Clean!$D$2:$D$101,MATCH(1,Clean!$AI$2:$AI$101,0)),"") -> Lenovo | K6: Intel | L6: Dedicated | M6: =E5 -> < 100 M | N6: ≤ 8 GB
A7: hp | B7: HP | D7: 200 | E7: 200–300 M | G7: Histogram start (M Toman) | H7: 50 | J7: =IFERROR(INDEX(Clean!$D$2:$D$101,MATCH(2,Clean!$AI$2:$AI$101,0)),"") -> MSI | K7: AMD | L7: Integrated | M7: =E6 -> 100–200 M | N7: 12–16 GB
A8: msi | B8: MSI | D8: 300 | E8: 300–400 M | G8: Histogram bin width (M Toman) | H8: 50 | J8: =IFERROR(INDEX(Clean!$D$2:$D$101,MATCH(3,Clean!$AI$2:$AI$101,0)),"") -> ASUS | K8: Apple | L8: Unknown | M8: =E7 -> 200–300 M | N8: 20 GB +
A9: apple | B9: Apple | D9: 400 | E9: 400 M + | G9: Exclude non-laptop products (1 = yes, 0 = no) | H9: 1 | J9: =IFERROR(INDEX(Clean!$D$2:$D$101,MATCH(4,Clean!$AI$2:$AI$101,0)),"") -> HP | K9: Unknown | M9: =E8 -> 300–400 M | N9: Unknown
A10: acer | B10: Acer | J10: =IFERROR(INDEX(Clean!$D$2:$D$101,MATCH(5,Clean!$AI$2:$AI$101,0)),"") -> Apple | M10: =E9 -> 400 M +
A11: dell | B11: Dell | J11: =IFERROR(INDEX(Clean!$D$2:$D$101,MATCH(6,Clean!$AI$2:$AI$101,0)),"") -> Samsung
A12: samsung | B12: Samsung | J12: =IFERROR(INDEX(Clean!$D$2:$D$101,MATCH(7,Clean!$AI$2:$AI$101,0)),"") -> Acer
A13: microsoft | B13: Microsoft | J13: =IFERROR(INDEX(Clean!$D$2:$D$101,MATCH(8,Clean!$AI$2:$AI$101,0)),"") -> Dell

Sheet Notes
B1: Notes: workflow, cleaning steps and assumptions
B3: WORKFLOW
B4: Raw | C4: The exact CSV produced by crawl.py (100 laptops). Never edited.
B5: Clean | C5: One row per laptop; every column is a formula on Raw (no pasted values). Columns up to 'price_per_ram' are the cleaned fields; teal-header columns on the right are helpers for filters, rankings and charts.
B6: Analysis | C6: Aggregation tables built with COUNTIFS / SUMIFS / AVERAGEIFS / SUMPRODUCT. All of them include the filter flag, so they react to the dropdowns.
B7: Dashboard / Specs / Ratings | C7: Presentation layer: KPI cards, charts and tables linked to Analysis. Filters live on the Dashboard sheet (named cells fBrand, fCPU, fGPU, fTier, fRAM).
B8: Params | C8: Editable inputs (blue): brand display names, price-tier boundaries, Bayesian rating settings, histogram bins, dropdown lists.
B10: CLEANING STEPS (all in Clean)
B11: Numbers from text | C11: ram, storage, screen size and weight are text like '8 گیگابایت' or '15.6 اینچ'; the leading number is extracted with LEFT/FIND/VALUE. The decimal separator is handled with MID(1/2,2,1) so it works in any Excel locale.
B12: Storage units | C12: '1 ترابایت' and '1TB' are converted to 1,024 GB. When two drives are listed (e.g. 64 GB eMMC + 256 GB SSD) the SSD part is used. Both cases are flagged in the 'data issues found' column.
B13: GPU names | C13: Names are inconsistent ('Intel Intel Iris Xe', 'intel …', 'INTEL UHD'). They are grouped by SEARCH into gpu_brand, gpu_type (Dedicated = RTX/GTX/NVIDIA/Radeon RX; otherwise Integrated) and gpu_model (RTX series).
B14: CPU | C14: cpu_maker is Intel / AMD / Apple from the name prefix; cpu_family is the first words (e.g. 'Core i7', 'Ryzen 5', 'Apple Silicon').
B15: Brand | C15: Lower-case brand slugs are mapped to display names through the table on Params.
B16: Missing values | C16: Missing specs stay empty in Clean and are shown as 'Unknown' in categories; they are excluded from averages of that field. See the counts below.
B17: Non-laptop products | C17: The crawl contains one phone (id 165916, Samsung Galaxy S25 FE). Clean flags rows whose name lacks 'لپ تاپ' (is_laptop) and the dashboard leaves them out; set Params!H9 to 0 to include them again. Raw is untouched.
B18: Discount | C18: discount % = (old_price − price) / old_price; zero when there is no old_price.
B19: Weighted rating | C19: Bayesian average = (v·R + m·C)/(v + m), with v = reviews, R = rating, m = 10 (Params), C = mean rating of all rated laptops. It pulls ratings based on very few reviews toward the overall mean.
B21: ASSUMPTIONS & LIMITS
B22: Snapshot | C22: Prices and availability change daily; this file describes the day the data was crawled.
B23: Units | C23: Prices are in Toman; charts use million Toman. The dataset has only the first 100 listed laptops, so conclusions apply to that sample.
B24: Price tiers & RAM/storage classes | C24: Tier bounds are on Params. RAM class (≤8 / 12–16 / 20+ GB) and storage class (≤256 / 512 / 1 TB+) are fixed in the Clean formulas.
B25: Row count | C25: Formulas cover rows 2–101 of Raw. If you paste a longer dataset, extend the Clean formulas downward.
B26: Correlation | C26: Correlation does not imply causation. Averages built from very few laptops (see n in the labels) are unreliable.
B28: DATA QUALITY (live counts from Raw)
B29: Rows in Raw | C29: =COUNTA(Raw!A2:A101) -> 100
B30: Duplicate ids | C30: =SUMPRODUCT((COUNTIF(Raw!A2:A101,Raw!A2:A101)>1)*1) -> 0
B31: Missing price (out of stock) | C31: =COUNTBLANK(Raw!D2:D101) -> 0
B32: Laptops with old_price (discount) | C32: =COUNT(Raw!E2:E101) -> 8
B33: Missing cpu | C33: =COUNTBLANK(Raw!I2:I101) -> 1
B34: Missing ram | C34: =COUNTBLANK(Raw!J2:J101) -> 1
B35: Missing storage | C35: =COUNTBLANK(Raw!K2:K101) -> 3
B36: Missing screen size | C36: =COUNTBLANK(Raw!L2:L101) -> 1
B37: Missing gpu | C37: =COUNTBLANK(Raw!M2:M101) -> 1
B38: Missing weight | C38: =COUNTBLANK(Raw!N2:N101) -> 7
B39: Storage rows with two drives | C39: =SUMPRODUCT(--ISNUMBER(FIND(" و ",Raw!K2:K101))) -> 2
B40: Rows flagged in Clean 'data issues' | C40: =COUNTIF(Clean!$AU$2:$AU$101,"?*") -> 13
